supplement,brand,title,url,price,source
Vitamin A (Retinyl Palmitate),Thorne,Vitamin A & Reviews,https://www.thorne.com/products/dp/vitamin-a?srsltid=AfmBOori3SAjQ2JKCDjqTBHfQin5HIqJxNuqmlCoJWUCC7KLbR62fGyr,,thorne.com
Vitamin A (Retinyl Palmitate),Thorne,What Nutrients Make up the Best Multi-Vitamins?,https://www.thorne.com/take-5-daily/article/anatomy-of-a-multi-vitamin?srsltid=AfmBOooqQpgx4qjxM1RUCka41VRC_Kr8QlHzsksjSpFxWpSiiNZAgSkF,,thorne.com
Vitamin A (Retinyl Palmitate),Designs for Health,Patient Education,https://www.designsforhealth.com/api/library-assets/patient-education---clear-the-chaos-patient-ed-sheet?srsltid=AfmBOopc5SccxN-nl_rRKaz5O14BjM5AATLAekKJEKUsVNJhW46PBOkr,,designsforhealth.com
Vitamin C (Ascorbic Acid),Thorne,Ascorbic Acid & Reviews,https://www.thorne.com/products/dp/ascorbic-acid?srsltid=AfmBOoq-D7yEOcyrANtYdMbBwC2RzYzl9dGQA9_Q0dQ5-hz8f21KRvG4,,thorne.com
Vitamin C (Ascorbic Acid),Pure Encapsulations,Vitamin C chewables,https://www.pureencapsulations.com/media/pdf_upload/20_09_PE_ProductOnePager_VitaminCChew_FIN_REV4_NP_np.pdf,,pureencapsulations.com
Vitamin C (Ascorbic Acid),Designs for Health,Stellar C™ | Superior Supplement Products - Science First,https://www.designsforhealth.com/products/stellar-c/?srsltid=AfmBOopAK5udT4qObHEETnDo8eUIidurg6Tkx2w4jFiATCmD2iwL8AU_,,designsforhealth.com
Vitamin D3 (Cholecalciferol),Thorne,Vitamin D-5000 - NSF Certified for Sport & Reviews,https://www.thorne.com/products/dp/d-5-000-vitamin-d-capsule?srsltid=AfmBOopKHNcdHIpmYnKckRYd5U8ML8zdkMS8W8-FzdJritjGkP-VCQNN,,thorne.com
Vitamin D3 (Cholecalciferol),Pure Encapsulations,EmulsiSorb K2/D3 liquid,https://www.pureencapsulations.com/media/21_04_PE_ProductOnePager_EmulsiSorb_FIN.pdf,,pureencapsulations.com
Vitamin D3 (Cholecalciferol),Designs for Health,Vitamin D | Superior Supplement Products - Science First,https://www.designsforhealth.com/products/foundational/vitamins/vitamin-d?srsltid=AfmBOoqq5rxP92GbJL3a1YUKZWIgr8TfN-hkA0clyQuRhEKfnS01b7WA,,designsforhealth.com
Vitamin K2 (MK-7),Thorne,Vitamin K & Reviews,https://www.thorne.com/products/dp/3-k-complete?srsltid=AfmBOoo2Pl9QA6oP8GGTOBSwX1-Spxzjb8KX_AXhZGDpAL815qRG9sT4,,thorne.com
Vitamin K2 (MK-7),Pure Encapsulations,Nutrient 950® / Nutrient 280®,https://www.pureencapsulations.com/media/Nutrient_950_280.pdf,,pureencapsulations.com
Vitamin K2 (MK-7),Designs for Health,Tri-K™ | Superior Supplement Products - Science First,https://www.designsforhealth.com/products/tri-k/?srsltid=AfmBOooZgbQgcgicL4z5RByJEQOc2c6BnvOtMiaZaiQ6j3RF5pjlGNnf,,designsforhealth.com
Vitamin E (Mixed Tocopherols),Thorne,Ultimate-E® & Reviews,https://www.thorne.com/products/dp/ultimate-e-reg?srsltid=AfmBOopiBYgbDzch5QMx4aEa6r1Y-9iYXmcQjoJ-V_NybqklNfm4XzBk,,thorne.com
Vitamin E (Mixed Tocopherols),Thorne,Ultimate-E® & Reviews,https://www.thorne.com/products/dp/cdn-ultimate-e-reg?srsltid=AfmBOoof6u6Dr96adQUMhtsfNyxHhvrvucGBZkBZ5uVFTAWzDHrB0m-E,,thorne.com
Vitamin E (Mixed Tocopherols),Pure Encapsulations,Pure Goodness At Our Core,https://www.pureencapsulations.com/media/Pharmacy_POG_Educational_Brochure.pdf,,pureencapsulations.com
Thiamin (B1),Thorne,How Do B Vitamins Influence the Gut?,https://www.thorne.com/take-5-daily/article/how-do-b-vitamins-influence-the-gut?srsltid=AfmBOoqpJaEFvTEIl-eY4CBI6KiNjHh9fx9LsN851iowylSVI3CVR1Ei,,thorne.com
Thiamin (B1),Pure Encapsulations,B-Complex liquid,https://www.pureencapsulations.com/media/B_Complex%20Liquid.pdf,,pureencapsulations.com
Thiamin (B1),Pure Encapsulations,Multivitamin EasySticks,https://www.pureencapsulations.com/media/pdf_upload/Multivitamin%20EasySticks.pdf,,pureencapsulations.com
Riboflavin-5′-Phosphate (B2),Thorne,Riboflavin 5'-Phosphate & Reviews,https://www.thorne.com/products/dp/riboflavin-5-phosphate?srsltid=AfmBOorMxiw_zd1kvll4z1NJEjzcJ2E0YC8MIZ2_HblSY4apjqRxMgG6,,thorne.com
Riboflavin-5′-Phosphate (B2),Thorne,Riboflavin 5'-Phosphate & Reviews,https://www.thorne.com/products/dp/cdn-riboflavin-5-phosphate?srsltid=AfmBOor52bW3-6X8odsj3GepSapRAruBAazZfBaTFCs6s9g-0SK6wXNO,,thorne.com
Riboflavin-5′-Phosphate (B2),Pure Encapsulations,B-Complex liquid,https://www.pureencapsulations.com/media/B_Complex%20Liquid.pdf,,pureencapsulations.com
Niacinamide (B3),Thorne,Niacinamide & Reviews,https://www.thorne.com/products/dp/niacinamide?srsltid=AfmBOoq8RvuxrSHbHTO-Tsaq4eVIqhZivwlmbkhG5BI3XcM0TXSroLb_,,thorne.com
Niacinamide (B3),Thorne,"Meet the Vitamin B3 Family: NR, NMN, Niacin Explained",https://www.thorne.com/take-5-daily/article/meet-the-vitamin-b3-family-nr-nmn-niacin-explained?srsltid=AfmBOopL4rnOqXvqU96B6eFVhhXP43xxtaUbWcRI9Bn5kiBEgFXcMwoZ,,thorne.com
Niacinamide (B3),Pure Encapsulations,B-Complex liquid,https://www.pureencapsulations.com/media/B_Complex%20Liquid.pdf,,pureencapsulations.com
Pantethine (B5),Thorne,Pantethine & Reviews,https://www.thorne.com/products/dp/pantethine?srsltid=AfmBOorI3uutGsPWswu-O11vHGUtNTfBtlJn-QOv20Ku12FXIets2vMS,,thorne.com
Pantethine (B5),Pure Encapsulations,Manufacturer of Hypoallergenic Nutritional Supplements,https://www.pureencapsulations.com/media/PLs/2016PL_WEB_NP.pdf,,pureencapsulations.com
Pantethine (B5),Pure Encapsulations,SEPTEMBER 2013 | PATIENT PRODUCT LIST,http://www.pureencapsulations.com/media/SEPT13PL_Patient.pdf,,pureencapsulations.com
Pyridoxal-5′-Phosphate (B6),Thorne,Pyridoxal 5'-Phosphate & Reviews,https://www.thorne.com/products/dp/pyridoxal-5-phosphate-60-s-1?srsltid=AfmBOooTkbmzwGl72l4gVNfZPCYX0F8lfS1yRBNjeJx4U1qNsdGn1pqn,,thorne.com
Pyridoxal-5′-Phosphate (B6),Thorne,Pyridoxal 5'-Phosphate & Reviews,https://www.thorne.com/products/dp/cdn-pyridoxal-5-phosphate?srsltid=AfmBOor7v_tJzC32rBdoSCWQfH_kJVAoxDdNUM5dfj2OcvxbOFp_4J9V,,thorne.com
Pyridoxal-5′-Phosphate (B6),Pure Encapsulations,B6 Complex,https://www.pureencapsulations.com/media/B6_Complex.pdf,,pureencapsulations.com
Biotin (B7),Thorne,Biotin & Reviews,https://www.thorne.com/products/dp/biotin-8?srsltid=AfmBOor-yUStXt_Lb4cjQNLIYQpI7qfhwPDuNWcfpjPTpSa-UHTqZNqC,,thorne.com
Biotin (B7),Designs for Health,New Study Uncovers Mechanism for Cilantro's Therapeutic ...,https://blog.designsforhealth.com/node/1186,,designsforhealth.com
"5-MTHF (Methylfolate, B9)",Thorne,5-MTHF 5 mg & Reviews,https://www.thorne.com/products/dp/5-mthf-5-mg?srsltid=AfmBOoq5qEXp9l6UMzeuYXZnhvGFZLgeSl3U8TI5RC_krSILeK43jCgW,,thorne.com
"5-MTHF (Methylfolate, B9)",Thorne,5-MTHF 1 mg & Reviews,https://www.thorne.com/products/dp/5-mthf-1-mg?srsltid=AfmBOooi6r1r-2YCeAy8gw6bZTkeTsvgvZLP_mJG_HH1SLo70oKNqey3,,thorne.com
"5-MTHF (Methylfolate, B9)",Designs for Health,L-5-MTHF 8500 mcg DFE (5 mg),https://www.designsforhealth.com/products/l-5-mthf-5mg/?srsltid=AfmBOoq5BMSoGgHE1lLeSbmgx1f8leHnIeYNYk32Qnz164f27rGKl8W0,,designsforhealth.com
Methylcobalamin (B12),Thorne,Vitamin B12 & Reviews,https://www.thorne.com/products/dp/methylcobalamin?srsltid=AfmBOopdXsDUc7Iybd-5JOB08S_xamt7O4mHagEzgScHb-UBMckuMQ1q,,thorne.com
Methylcobalamin (B12),Thorne,Methylcobalamin & Reviews,https://www.thorne.com/products/dp/cdn-methylcobalamin?srsltid=AfmBOopcHy51Rl1fQWCOdD5pGodynXcs8nU1twPibdy4M-fJ3oxRyupA,,thorne.com
Methylcobalamin (B12),Pure Encapsulations,B12 Folate,https://www.pureencapsulations.com/media/B12_Folate.pdf,,pureencapsulations.com
Choline Bitartrate,Thorne,Choline Supplements & Reviews,https://www.thorne.com/products/by-ingredient/choline?srsltid=AfmBOooE16oXIJG9m9emOe_4BHeM_VqB0ganPRZcwoiKzMXrJsXHjEkY,,thorne.com
Choline Bitartrate,Pure Encapsulations,Multivitamin EasySticks,https://www.pureencapsulations.com/media/pdf_upload/Multivitamin%20EasySticks.pdf,,pureencapsulations.com
Choline Bitartrate,Designs for Health,Stimulating the Vagus Nerve Function with Dr. Navaz ...,https://podcast.designsforhealth.com/podcasts/season-3-episode-8-stimulating-the-vagus-nerve-function-with-dr-navaz-habib/,,designsforhealth.com
Myo-Inositol,Thorne,4 Benefits of Inositol for Women's Health,https://www.thorne.com/take-5-daily/article/4-benefits-of-inositol-for-womens-metabolic-health-and-hormone-balance?srsltid=AfmBOooZ9ZBjKnwfP3RPtLFxtmfPOUtbWmn0OpP-C4zUJmGACjLYWsqr,,thorne.com
Myo-Inositol,Thorne,Ovarian Care & Reviews,https://www.thorne.com/products/dp/ovarian-care?srsltid=AfmBOoqbFWLxUS4Qny-JS4FuOmLc2J68IWX5RUUkg4nPSjWvDja9bMLD,,thorne.com
Myo-Inositol,Pure Encapsulations,Manufacturer of Hypoallergenic Nutritional Supplements,https://www.pureencapsulations.com/media/PLs/2016PL_WEB_NP.pdf,,pureencapsulations.com
Calcium Citrate,Thorne,Cal-Mag Citrate + Vitamin C & Reviews,https://www.thorne.com/products/dp/cal-mag-citrate-effervescent-powder?srsltid=AfmBOoolu7UNGSUIKX70DJG6I3k2cGxyWv5J6ZAWA6n1C8u9LhVQ-Lle,,thorne.com
Calcium Citrate,Thorne,Calcium CitraMate & Reviews,https://www.thorne.com/products/dp/cdn-calcium-citramate?srsltid=AfmBOopbiFkYMEu6wXf5278ZNu6xDCpBwajSeM4ezeONUZ7BDe66JD5r,,thorne.com
Calcium Citrate,Pure Encapsulations,Calcium with Vitamin D3,http://www.pureencapsulations.com/media/CalciumwithVitaminD3.pdf,,pureencapsulations.com
Magnesium Bisglycinate,Thorne,Magnesium Bisglycinate & Reviews,https://www.thorne.com/products/dp/magnesium-bisglycinate?srsltid=AfmBOooRO5CvEYOnf7YuZB_3V_HpsV2x8T7lSr1yZFE3igQznz0lKwWX,,thorne.com
Magnesium Bisglycinate,Thorne,Magnesium Bisglycinate - Travel Packs & Reviews,https://www.thorne.com/products/dp/magnesium-bisglycinate-m204p?srsltid=AfmBOoqVepRofk78qwOCrjjOqd2qbXiRdpRpaKMZut7G8kIPMP2oNRCh,,thorne.com
Magnesium Bisglycinate,Pure Encapsulations,Multivitamin EasySticks,https://www.pureencapsulations.com/media/pdf_upload/Multivitamin%20EasySticks.pdf,,pureencapsulations.com
Zinc Picolinate,Thorne,Zinc Picolinate 30 mg (180 count) & Reviews,https://www.thorne.com/products/dp/double-strength-zinc-picolinate-60-s-1?srsltid=AfmBOophlAzOWHSQdFlUGe_8Hht3g5_CaaVf7PEUWnUY2Q_ziAbSVHnw,,thorne.com
Zinc Picolinate,Thorne,Zinc Picolinate 30 mg - NSF Certified for Sport & Reviews,https://www.thorne.com/products/dp/double-strength-zinc-picolinate-60-s?srsltid=AfmBOoq4RDbTptATqVm9rqSRdL4qYBAhinrFEhn2jWyiofyKJxKYSQ7C,,thorne.com
Zinc Picolinate,Pure Encapsulations,Nutrient 950® / Nutrient 280®,https://www.pureencapsulations.com/media/Nutrient_950_280.pdf,,pureencapsulations.com
Selenium Methionine,Thorne,Selenium & Reviews,https://www.thorne.com/products/dp/selenomethionine?srsltid=AfmBOoqoD9A5XspbNY_fPArX3DpX70nQAilOjzzNOjrzuo3xwjOehSnK,,thorne.com
Selenium Methionine,Thorne,Selenium & Reviews,https://www.thorne.com/products/dp/cdn-selenomethionine?srsltid=AfmBOoqsUnRmLTEtn2sgbDE8no6O0VnCK4WnOj3sE1g-T0tKJOBQG81N,,thorne.com
Selenium Methionine,Pure Encapsulations,Trace Minerals,https://www.pureencapsulations.com/media/pdf_upload/Trace%20Minerals.pdf,,pureencapsulations.com
Iodine (Potassium Iodide),Thorne,Iodine & Tyrosine & Reviews,https://www.thorne.com/products/dp/iodine-tyrosine?srsltid=AfmBOopGwZA96WOv845-8MHUbhNW07lJl8xiUqy2YIXXx_3paiRPxV0E,,thorne.com
Iodine (Potassium Iodide),Thorne,Basic Nutrients III & Reviews,https://www.thorne.com/products/foundational-nutrition/dp/basic-nutrients-iii-without-copper-and-iron?srsltid=AfmBOorAq4Gx4t__iAd1RHkprds-aeulP2sTuTzjwpSa-Qf5gXB9Jr-I,,thorne.com
Iodine (Potassium Iodide),Pure Encapsulations,Iodine,http://www.pureencapsulations.com/media/Iodine.pdf,,pureencapsulations.com
Manganese Bisglycinate,Thorne,Manganese Bisglycinate & Reviews,https://www.thorne.com/products/dp/manganese-bisglycinate?srsltid=AfmBOorldhC2EANRU0WBTonDwep-_miVKSp3xHdK83zKcEQOsgQ1KMN0,,thorne.com
Manganese Bisglycinate,Thorne,Manganese Bisglycinate & Reviews,https://sg.thorne.com/products/products/dp/manganese-bisglycinate,,thorne.com
Manganese Bisglycinate,Designs for Health,DFH Complete Multi,https://www.designsforhealth.com/api/library-assets/patient-education---dfh-complete-multi?srsltid=AfmBOopihj8UMQUe66egVqJxtroIuNf6nlh60fNdLlX2jm1UKBcYgerA,,designsforhealth.com
Copper Bisglycinate,Thorne,Copper Bisglycinate & Reviews,https://www.thorne.com/products/dp/copper-bisglycinate?srsltid=AfmBOoo8Z8K3YIDTzyiC9fxN57j_7gKhtA_eUGQ_Gy_ewY7Vq2PXEJN-,,thorne.com
Copper Bisglycinate,Thorne,Copper Supplements & Reviews,https://www.thorne.com/products/by-ingredient/copper?srsltid=AfmBOorCeFccVGOWDISC2SUD9_1FpdLrUubWz52o7k6SCFyn4Phcc1nq,,thorne.com
Copper Bisglycinate,Designs for Health,DFH Complete Multi,https://www.designsforhealth.com/api/library-assets/patient-education---dfh-complete-multi?srsltid=AfmBOop59-IirfByMGr6Sgmk3Hnrb7y2CmsnunmZ1dp5Ds2IPHE5ZFNs,,designsforhealth.com
Chromium Picolinate,Thorne,Chromium Picolinate & Reviews,https://www.thorne.com/products/dp/chromium-picolinate?srsltid=AfmBOooiQGxgYuH10x5i6cEioA-1gGUycbzokezDPwBGm4g_EuhzRBDf,,thorne.com
Chromium Picolinate,Thorne,Chromium Picolinate & Reviews,https://www.thorne.com/products/dp/cdn-chromium-picolinate?srsltid=AfmBOoockVXaB2IZVKwwRH-lHved6BqIRgsfCnLlnoPpfPuW83hcMOlK,,thorne.com
Chromium Picolinate,Pure Encapsulations,Trace Minerals,https://www.pureencapsulations.com/media/pdf_upload/Trace%20Minerals.pdf,,pureencapsulations.com
Boron Glycinate,Thorne,Boron Supplements & Reviews,https://www.thorne.com/products/by-ingredient/boron?srsltid=AfmBOookC1gJrFkEzTLG_iAoxQV2VyJVJ99-Q0NmfXzeceN3ehCWds1S,,thorne.com
Boron Glycinate,Thorne,Trace Minerals & Reviews,https://www.thorne.com/products/dp/trace-minerals?srsltid=AfmBOooTGzyq4RbyWkgoKodYVYG5bpst52q4OHzth6Vk3ihIlcmPkGh7,,thorne.com
Boron Glycinate,Pure Encapsulations,Best-Selling Products from Pure Encapsulations®,https://www.pureencapsulations.com/media/21_03_PE_OnePager_BestSellers_FINAL.pdf,,pureencapsulations.com
Molybdenum Glycinate,Thorne,Molybdenum Glycinate & Reviews,https://www.thorne.com/products/dp/molybdenum-glycinate?srsltid=AfmBOorbP_tMVPiqvXiGw5PcNiCqanK2cUF34cMyJ0LZhJ1OFhLUkfoc,,thorne.com
Molybdenum Glycinate,Thorne,Molybdenum Glycinate,https://www.thorne.com/ingredients/molybdenum-glycinate?srsltid=AfmBOorP8wDCxyj61zJaaO_h-h0oCDsmOP_bECsrjYlZh3sDGLZ2SE2i,,thorne.com
Molybdenum Glycinate,Pure Encapsulations,Trace Minerals,https://www.pureencapsulations.com/media/pdf_upload/Trace%20Minerals.pdf,,pureencapsulations.com
Fish-Oil (EPA/DHA),Thorne,Omega-3s EPA and DHA,https://www.thorne.com/ingredients/omega-3s-epa-and-dha?srsltid=AfmBOorSRb2WWX2t7ESFGMPLEQL398Yk4q9B_cok6eRnAGHtXEU26QgI,,thorne.com
Fish-Oil (EPA/DHA),Thorne,Super EPA - NSF Certified for Sport & Reviews,https://www.thorne.com/products/dp/super-epa?srsltid=AfmBOophj_tJfSlCeETa-c3AcTwjTqs_pW0Tjv0fe0YWRReRBBu28Vv1,,thorne.com
Fish-Oil (EPA/DHA),Pure Encapsulations,PureNutrients EPA/DHA Gummy,https://www.pureencapsulations.com/media/pdf_upload/20_08_PE_ProductOnePager_PureNutrientsEPADHASoftChew_FIN.pdf,,pureencapsulations.com
Algae Oil (Vegan Ω-3),Thorne,Omega-3s EPA and DHA,https://www.thorne.com/ingredients/omega-3s-epa-and-dha?srsltid=AfmBOooKUXwp_5LCYuams89OyCpl7_kUavBS18ZnT7MVjlqqd3-w2lkz,,thorne.com
Algae Oil (Vegan Ω-3),Thorne,Fish Oil & Omegas Supplements & Reviews,https://www.thorne.com/products/by-health-need/fish-oil-&-omegas?srsltid=AfmBOooV_OS4sp8iKLHso0FfbO__leY57b7fyZsi6AGtBnpAeULh_uQP,,thorne.com
Algae Oil (Vegan Ω-3),Pure Encapsulations,Manufacturer of Hypoallergenic Nutritional Supplements,https://www.pureencapsulations.com/media/PLs/2016PL_WEB_NP.pdf,,pureencapsulations.com
Krill Oil,Thorne,Fish Oil & Omegas Supplements & Reviews,https://www.thorne.com/products/by-health-need/fish-oil-&-omegas?srsltid=AfmBOooIFsbO9JcHGHVWWU6WMq712ZspyQy_ymJVZ7udarM4_jlpfFgv,,thorne.com
Krill Oil,Thorne,Why Are Supplements Out of Stock or Discontinued?,https://www.thorne.com/take-5-daily/article/why-your-favorite-products-sometimes-are-discontinued-or-out-of-stock?srsltid=AfmBOooID29oFZTwazVgMV4gfJRxk2wH1kCVrVvdWc6RCTmCR3hUyFPo,,thorne.com
Krill Oil,Pure Encapsulations,Manufacturer of Hypoallergenic Nutritional Supplements,https://www.pureencapsulations.com/media/18_03_PharmacyBro_Patient_FIN2.pdf,,pureencapsulations.com
Cod-Liver Oil,Thorne,Fish Oil & Omegas Supplements & Reviews,https://www.thorne.com/products/by-health-need/fish-oil-&-omegas?srsltid=AfmBOorolNCjm26CDH4LmVz-QffC8ICa1CGiHGa9gwOYQLAs4VE9gNim,,thorne.com
Cod-Liver Oil,Thorne,When is The Best Time to Take Fish Oil?,https://www.thorne.com/take-5-daily/article/14-frequently-asked-questions-about-fish-oil?srsltid=AfmBOoqcZq9-q1JNCrpNUq7m90ZNCWj0_NUTd2y_IgFwbJGpVFrA_UEj,,thorne.com
Cod-Liver Oil,Pure Encapsulations,Vitamin A,https://www.pureencapsulations.com/media/VitaminA.pdf,,pureencapsulations.com
Evening-Primrose Oil,Thorne,Omega Plus™ & Reviews,https://www.thorne.com/products/dp/cdn-omega-plus-trade?srsltid=AfmBOoqiAXIh9LlH416alGSqKcQ0EbFd3i0IQuQKhUQOm4kimezObOcR,,thorne.com
Evening-Primrose Oil,Thorne,"Ensure a Harmonious Cycle: What to do Before, During, ...",https://www.thorne.com/take-5-daily/article/ensure-a-harmonious-cycle-what-to-do-before-during-and-after-your-period?srsltid=AfmBOopuESWXSIkWzu4O1zLf9JH9cO-HY2zbOIapE6gMO8ftdK8_WJ_o,,thorne.com
Evening-Primrose Oil,Pure Encapsulations,E.P.O. (evening primrose oil),https://www.pureencapsulations.com/media/EPO.pdf,,pureencapsulations.com
Borage-Seed Oil,Thorne,6 Supplements that Maintain Healthy Skin from the Inside Out,https://www.thorne.com/take-5-daily/article/5-supplements-that-maintain-healthy-skin-from-the-inside-out?srsltid=AfmBOoqJ0fheALVZap-1orktGs1iz40guQC2Yu-4QuSD2uXokRb-QpSs,,thorne.com
Borage-Seed Oil,Thorne,Omega Plus & Reviews,https://www.thorne.com/products/dp/omega-plus-trade?srsltid=AfmBOopl81Q6rd9lqaEtOcpX8MQYWp2bw_Ur_0krWwcpm0s3D3NVJ_Yy,,thorne.com
Borage-Seed Oil,Pure Encapsulations,Manufacturer of Hypoallergenic Nutritional Supplements,https://www.pureencapsulations.com/media/PLs/2016PL_WEB_NP.pdf,,pureencapsulations.com
Flaxseed Oil,Thorne,Flax Seed Supplements & Reviews,https://ca.thorne.com/products/by-ingredient/flax-seed,,thorne.com
Flaxseed Oil,Thorne,Fish Oil & Omegas Supplements & Reviews,https://www.thorne.com/products/by-health-need/fish-oil-&-omegas?srsltid=AfmBOooxON9X-M9b9jK2a9Ee0d0kOv9PSyN2JrEBskHVyNXJ7coPwull,,thorne.com
Flaxseed Oil,Pure Encapsulations,The PureGenomics® Metabolic Support Protocol*,https://www.pureencapsulations.com/media/PureGenomics_MetabolicProtocolOnPgr_2017_FINAL.pdf,,pureencapsulations.com
CLA,Thorne,Supplements & Tests,https://www.thorne.com/products?srsltid=AfmBOoql54y2DcTxbgiQSKLwvjhIPE4JraWDF-L49BwmZBxfPp-aCBhi,,thorne.com
CLA,Thorne,"Thorne: Supplements, Tests & Health Solutions",https://www.thorne.com/?srsltid=AfmBOopVFSjWv1AHeRD4hirFGKJE0IKIwnzfYLE4XWX-9RctPaU0dSJH,,thorne.com
CLA,Pure Encapsulations,Professional Order Form - January 2019,https://www.pureencapsulations.com/media/PLs/Pure_2019%20Order%20Form.pdf,,pureencapsulations.com
GLA,Thorne,Omega Plus & Reviews,https://www.thorne.com/products/dp/omega-plus-trade?srsltid=AfmBOopWebDKhHOyy1f6HhpDO6Um9k9Lpj0YReD1o_19FJmGUO5O-PEf,,thorne.com
GLA,Pure Encapsulations,E.P.O. (evening primrose oil),https://www.pureencapsulations.com/media/EPO.pdf,,pureencapsulations.com
GLA,Pure Encapsulations,Immune Health Thought Leadership Guide,https://www.pureencapsulations.com/media/20_03_ThoughtLeadershipGuide_V10_FINAL.pdf,,pureencapsulations.com
Phosphatidylcholine (Sunflower Lecithin),Thorne,Phosphatidyl Choline & Reviews,https://www.thorne.com/products/dp/phosphatidyl-choline?srsltid=AfmBOorsPAC7HHMD_RJSXKoFYzvbqdZKAfa9pcXsTfM499qLuT3l6lXq,,thorne.com
Phosphatidylcholine (Sunflower Lecithin),Thorne,Keeping the Brain Healthy with Dr. Mary Kay Ross Part 2,https://www.thorne.com/take-5-daily/podcast/episode-66-keeping-the-brain-healthy-with-dr-mary-kay-ross-pt-2?srsltid=AfmBOoqq-UU3hvxZn6GE6IQrbbkRJDFbGDtwT81smPyo4uSTignx18D1,,thorne.com
Phosphatidylcholine (Sunflower Lecithin),Pure Encapsulations,Phosphatidylcholine,https://www.pureencapsulations.com/media/pdf_upload/20_08_PE_ProductOnePager_Phosphatidylcholine_FIN.pdf,,pureencapsulations.com
L-Glutamine,Thorne,L-Glutamine & Reviews,https://www.thorne.com/products/dp/l-glutamine?srsltid=AfmBOoqPhKnKFYcZ9lzUSm6OtLsRPak9h_1CkymiZsrn9IIUzvKsgF37,,thorne.com
L-Glutamine,Thorne,L-Glutamine Powder & Reviews,https://www.thorne.com/products/dp/l-glutamine-powder?srsltid=AfmBOopFE21P_WjhihHEPG35FmpnCZX7odzOgmjxMX4_MGifqi_jLFW2,,thorne.com
L-Glutamine,Pure Encapsulations,Athletic Performance,https://www.pureencapsulations.com/media/brch_AthPerf.pdf,,pureencapsulations.com
L-Taurine,Thorne,Taurine & Reviews,https://www.thorne.com/products/dp/taurine?srsltid=AfmBOoratV1CbSUfyGVd8BeXiYQw6mp9mNNqSktHSDkFSREo9IYx_mp7,,thorne.com
L-Taurine,Thorne,Complete Guide to All 20 Amino Acids,https://www.thorne.com/take-5-daily/article/all-about-amino-acids?srsltid=AfmBOoqKNqssWCWEjLB-R-QAD6ZgzpXks7k7OrksoC9ZTlni8hejWtzq,,thorne.com
L-Taurine,Pure Encapsulations,JUNE 2013 | PROFESSIONAL PRODUCT LIST,http://www.pureencapsulations.com/media/JUNE13PL_FINAL_Web.pdf,,pureencapsulations.com
L-Tyrosine,Thorne,L-Tyrosine & Reviews,https://www.thorne.com/products/dp/l-tyrosine?srsltid=AfmBOoqwRzdx4iHvszlS3X9RAYMumh0AKvsBy7LpOxGrHkmayGgj6IXd,,thorne.com
L-Tyrosine,Thorne,Tyrosine Supplements & Reviews,https://www.thorne.com/products/by-ingredient/tyrosine?srsltid=AfmBOopvh5X3HDXDSuy3MvkcXK5uoxkBz86JL96vQoRcr757vFehdl8G,,thorne.com
L-Tyrosine,Pure Encapsulations,Integrative mental health,https://www.pureencapsulations.com/media/wysiwyg/webinars/PDF/Greenblatt%20Webinar%20Oct%202012_MED.pdf,,pureencapsulations.com
L-Tryptophan,Thorne,Tryptophan Supplements & Reviews,https://www.thorne.com/products/by-ingredient/tryptophan?srsltid=AfmBOopAhKSuXHCq3iH39BWjdMAaLBthchxMyiiPwkiZNfrOo2j1wzkZ,,thorne.com
L-Tryptophan,Thorne,5-Hydroxytryptophan & Reviews,https://www.thorne.com/products/dp/5-hydroxytryptophan?srsltid=AfmBOooGk39eHHDcdODlu7WsugJ7SLAoBFNCe10J34Q9tRF1pn_1oqwy,,thorne.com
L-Tryptophan,Pure Encapsulations,Integrative mental health,https://www.pureencapsulations.com/media/wysiwyg/webinars/PDF/Greenblatt%20Webinar%20Oct%202012_MED.pdf,,pureencapsulations.com
Glycine,Thorne,Glycine & Reviews,https://www.thorne.com/products/dp/glycine?srsltid=AfmBOor6702vLpp8mwo7akvadMEU_cQ9ycmc8mvSelZF1CnWEx9xOhnI,,thorne.com
Glycine,Thorne,Glycine Supplements & Reviews,https://www.thorne.com/products/by-ingredient/glycine?srsltid=AfmBOordISZnKeA1-EiBQuE98ClQbvwtLlTqGqLHjr3wc_YaEDQffqxX,,thorne.com
Glycine,Pure Encapsulations,Sleep Solution (single dose liquid),https://www.pureencapsulations.com/media/pdf_upload/Sleep%20Solution.pdf,,pureencapsulations.com
L-Theanine,Thorne,Theanine & Reviews,https://www.thorne.com/products/dp/theanine?srsltid=AfmBOopLt7T5xduQSw4umBSIHjz2HC27QqsOFT6v8WmPqaOPdlFhnAZO,,thorne.com
L-Theanine,Thorne,"What is L-Theanine: Benefits, Use & Side Effects",https://www.thorne.com/take-5-daily/article/-l-theanine-for-sleep-and-stress-what-does-the-science-say?srsltid=AfmBOop7RaKRSuOlIZ-dPagcD8nTOBTKWMw2JGWJ4qcoWxwYSvQT65bk,,thorne.com
L-Theanine,Pure Encapsulations,Sleep Solution (single dose liquid),https://www.pureencapsulations.com/media/pdf_upload/Sleep%20Solution.pdf,,pureencapsulations.com
L-Arginine,Thorne,L-Arginine - Sustained Release & Reviews,https://www.thorne.com/products/dp/perfusia-sr-reg?srsltid=AfmBOopYIoVcOe9P6Xsim4V5pqOcxM9PlwZsXlCDZXEN5tWSvDMuh9yL,,thorne.com
L-Arginine,Thorne,L-Arginine Plus & Reviews,https://www.thorne.com/products/dp/perfusia-plus-reg?srsltid=AfmBOorn_COfr70-rjN6rnLIHx--QYL0kGUxN2lMEM0IY1dyHyTW6FyB,,thorne.com
L-Arginine,Pure Encapsulations,l-Arginine,https://www.pureencapsulations.com/media/l_Arginine.pdf,,pureencapsulations.com
L-Citrulline,Thorne,Complete Guide to All 20 Amino Acids,https://www.thorne.com/take-5-daily/article/all-about-amino-acids?srsltid=AfmBOopCguq-IOP9XeJ-eT6Df5byPyOcK_nYKoHWO983pFY-s2pXVUhG,,thorne.com
L-Citrulline,Pure Encapsulations,Your Trusted Source,https://www.pureencapsulations.com/media/SEPT14_NEWPROD_FINAL_Web150dpi.pdf,,pureencapsulations.com
L-Citrulline,Designs for Health,Correcting erectile dysfunction without medication - casi.org,https://blog.designsforhealth.com/correcting-erectile-dysfunction-without-medication,,designsforhealth.com
Creatine Monohydrate,Thorne,Creatine - 180 Servings & Reviews,https://www.thorne.com/products/dp/creatine-sf904?srsltid=AfmBOorm5ttaJ6t3SOpdDc93oMwnGQIIO4pl5IR_p5KMd7S2mlzkxOwt,,thorne.com
Creatine Monohydrate,Thorne,Creatine - 90 Servings & Reviews,https://www.thorne.com/products/dp/creatine?srsltid=AfmBOooKVeW3XWTKy02A6AVDZb89IMHuS2mO9JqIHNpUxUryl823-LaN,,thorne.com
Creatine Monohydrate,Pure Encapsulations,Athletic Performance,https://www.pureencapsulations.com/media/brch_AthPerf.pdf,,pureencapsulations.com
Beta-Alanine,Thorne,Beta Alanine-SR & Reviews,https://www.thorne.com/products/dp/beta-alanine-sr?srsltid=AfmBOopIQerSmgx1QkN0r1XALWBvbtLD4HEMDGITrwCDNW5WkHcncyoP,,thorne.com
Beta-Alanine,Thorne,Benefits of Beta-Alanine for Non-Athletes,https://www.thorne.com/take-5-daily/article/why-you-should-supplement-with-beta-alanine-even-if-you-arent-an-athlete?srsltid=AfmBOoqW_ynP3ZgePGslcZUPAOs8Vlg2LIVYCRUXIfUDdnw0J_aTnKOe,,thorne.com
Beta-Alanine,Pure Encapsulations,JUNE 2013 | PROFESSIONAL PRODUCT LIST,http://www.pureencapsulations.com/media/JUNE13PL_FINAL_Web.pdf,,pureencapsulations.com
Carnitine Tartrate,Thorne,L-Carnitine & Reviews,https://www.thorne.com/products/dp/l-carnitine?srsltid=AfmBOoo89icp5ZFyiBSvCRuFnR5qt8H2iOZ5scwKh49kZSDtArYAiMiY,,thorne.com
Carnitine Tartrate,Thorne,Bio-Cardio & Reviews,https://www.thorne.com/products/dp/bio-cardio?srsltid=AfmBOorPmR49GIRATzYF76v4TaGvXyzhavANdLGUSRUuvCgfOm2uVguQ,,thorne.com
Carnitine Tartrate,Pure Encapsulations,SEPTEMBER 2013 | PATIENT PRODUCT LIST,http://www.pureencapsulations.com/media/SEPT13PL_Patient.pdf,,pureencapsulations.com
Acetyl-L-Carnitine,Thorne,Acetyl-L-Carnitine & Reviews,https://www.thorne.com/products/dp/carnityl-reg?srsltid=AfmBOorBp93u105r1msXNEnPBl3v7WO2RpOSgPi5A-UVn21a8A5Z4HBW,,thorne.com
Acetyl-L-Carnitine,Thorne,Acetyl-L-Carnitine Supplements & Reviews,https://www.thorne.com/products/by-ingredient/acetyl--l--carnitine?srsltid=AfmBOoriLNnP_pof0lmf_Z8kKNizLQzO1mUryi1GNW5eBcOZEsofMaWY,,thorne.com
Acetyl-L-Carnitine,Pure Encapsulations,Acetyl-l- Carnitine,https://www.pureencapsulations.com/media/Acetyl_l_Carnitine.pdf,,pureencapsulations.com
Carnosine,Thorne,Benefits of Beta-Alanine for Non-Athletes,https://www.thorne.com/take-5-daily/article/why-you-should-supplement-with-beta-alanine-even-if-you-arent-an-athlete?srsltid=AfmBOoquvRnY_7XREaziWWeWYv1YITQphjirvFq_Y_mecO76yH5XVuhj,,thorne.com
Carnosine,Thorne,Beta-Alanine and Active Aging Beyond the Field,https://www.thorne.com/take-5-daily/article/beta-alanine-and-active-aging?srsltid=AfmBOoreHfsEbiXPmfo17iKHAbm-cItHm0Nq4NM3aQHvxJuC0IE81VNq,,thorne.com
Carnosine,Pure Encapsulations,Athletic Performance,https://www.pureencapsulations.com/media/brch_AthPerf.pdf,,pureencapsulations.com
BCAA Blend,Thorne,Amino Complex - Berry & Reviews,https://www.thorne.com/products/dp/amino-complex-berry?srsltid=AfmBOoq8aFA_yj7BShRHLo7AvQdWOSa-j3moVtUkgJg4lFPavhsJEITw,,thorne.com
BCAA Blend,Thorne,Amino Complex - Lemon & Reviews,https://www.thorne.com/products/dp/amino-complex-lemon?srsltid=AfmBOorIWc9tfBR-b67TaZo2JBanjBniuglaQxScUoUz2FoIhM9juJOa,,thorne.com
BCAA Blend,Pure Encapsulations,Athletic Performance,https://www.pureencapsulations.com/media/brch_AthPerf.pdf,,pureencapsulations.com
L-Methionine,Thorne,Methionine Supplements & Reviews,https://www.thorne.com/products/by-ingredient/methionine?srsltid=AfmBOooTWoy1YKV7HzO_FqRUG1XQ4pjnrT92eC2e6hxizT7v0Ho9cZ27,,thorne.com
L-Methionine,Pure Encapsulations,l-Methionine,https://www.pureencapsulations.com/media/l_Methionine.pdf,,pureencapsulations.com
L-Methionine,Pure Encapsulations,Amino Replete,https://www.pureencapsulations.com/media/AminoReplete.pdf,,pureencapsulations.com
L-Ornithine,Thorne,Research Extracts: The Burden of Weight Stigma,https://www.thorne.com/take-5-daily/article/research-extracts-weight-stigmas-burden-screen-time-shapes-childrens-gut-health?srsltid=AfmBOorp897A_JtYGkyPIT6ADVXLQfZK_2eB-eK61wlmsthJASVGTHaf,,thorne.com
L-Ornithine,Pure Encapsulations,Manufacturer of Hypoallergenic Nutritional Supplements,https://www.pureencapsulations.com/media/PLs/2016PL_WEB_NP.pdf,,pureencapsulations.com
L-Ornithine,Pure Encapsulations,JUNE 2013 | PROFESSIONAL PRODUCT LIST,http://www.pureencapsulations.com/media/JUNE13PL_FINAL_Web.pdf,,pureencapsulations.com
L-Histidine,Thorne,Histidine Supplements & Reviews,https://www.thorne.com/products/by-ingredient/histidine?srsltid=AfmBOopPm6j75u3X0Wx3Ypq9eIP6-46RGyb-MQ5lqRyBXzUA3siqk8RC,,thorne.com
L-Histidine,Thorne,Amino Complex - Lemon & Reviews,https://www.thorne.com/products/dp/amino-complex-lemon?srsltid=AfmBOopTCrcogee1_UfiIrmDuJX72Op_RquY2Kyu6Kg2r2QCxz7OrzPb,,thorne.com
L-Histidine,Pure Encapsulations,Amino Replete,https://www.pureencapsulations.com/media/AminoReplete.pdf,,pureencapsulations.com
Collagen Peptides,Thorne,Collagen Fit & Reviews,https://www.thorne.com/products/dp/collagen-fit?srsltid=AfmBOoo6PjRFw9q4bQU4j8tzDlI6Dv5lRTCUUScFsz9VNBPeyQKcGUuv,,thorne.com
Collagen Peptides,Thorne,Collagen Peptides,https://www.thorne.com/ingredients/collagen-peptides?srsltid=AfmBOopXd2b1xTfqzR3GbMdbIz8bYTlIu0bit_lwx7HLpoIQ-EsqKbKX,,thorne.com
Collagen Peptides,Pure Encapsulations,The PureWoman™ Musculoskeletal Protocol,https://www.pureencapsulations.com/media/PureWomanProtocol3_Musko%20OnPgr_2018_FIN.pdf,,pureencapsulations.com
Alpha-Lipoic Acid,Thorne,Alpha-Lipoic Acid & Reviews,https://www.thorne.com/products/dp/thiocid-300-reg?srsltid=AfmBOooKa_IvcJwNJeAAVCeIr-yKG5NU7QOFAecNXqAAh1KLdbvIvd-S,,thorne.com
Alpha-Lipoic Acid,Thorne,Alpha-Lipoic Acid Supplements & Reviews,https://www.thorne.com/products/by-ingredient/alpha--lipoic-acid?srsltid=AfmBOopu_9SBf2myooJihjsp0ZDwEGhe2T5KSgjoWgTR_wRPmPuv7XYI,,thorne.com
Alpha-Lipoic Acid,Pure Encapsulations,Glucose Support Formula,https://www.pureencapsulations.com/media/Glucose_Support_Formula.pdf,,pureencapsulations.com
CoQ10 (Ubiquinone),Thorne,CoQ10 & Reviews,https://www.thorne.com/products/dp/q-best-100?srsltid=AfmBOoovLwPh9Z9fFeffWpBSh2PhxHDIX_D0AfnGULRwWyZ-Xk6jyo2d,,thorne.com
CoQ10 (Ubiquinone),Thorne,How Coenzyme Q10 Promotes Cellular Energy Production,https://www.thorne.com/take-5-daily/article/how-coq10-promotes-cellular-energy-production-and-supports-the-electron-transport-chain?srsltid=AfmBOoozjrHiWY-3saeSFY6p7m0ts652S_Yrhn7JrF1b2Cr0GCn74-Hg,,thorne.com
CoQ10 (Ubiquinone),Pure Encapsulations,"Ubiquinol-QH 50 mg, 100 mg, 200 mg",https://www.pureencapsulations.com/media/pdf_upload/Ubiquinol-QH.pdf,,pureencapsulations.com
Ubiquinol,Thorne,CoQ10 & Reviews,https://www.thorne.com/products/dp/q-best-100?srsltid=AfmBOooXkN_0VN5npRmVLKLA0jqzhuGDcVJ3yLQ7d_0b4v84oUzgDadc,,thorne.com
Ubiquinol,Thorne,How Coenzyme Q10 Promotes Cellular Energy Production,https://www.thorne.com/take-5-daily/article/how-coq10-promotes-cellular-energy-production-and-supports-the-electron-transport-chain?srsltid=AfmBOorbMmonfiKvvrtW_L0mZMItgYXPepuOAapS7-OXuBF0H7e625hv,,thorne.com
Ubiquinol,Pure Encapsulations,"Ubiquinol-QH 50 mg, 100 mg, 200 mg",https://www.pureencapsulations.com/media/pdf_upload/Ubiquinol-QH.pdf,,pureencapsulations.com
PQQ,Thorne,Nerve Support Complex (formerly Neurochondria) & Reviews,https://www.thorne.com/products/dp/neurochondria-reg-90-s?srsltid=AfmBOorAatZNFzSSwrPS15ZjvyDNVBiHbB7fH-7ikOhC1QzFNCrSMEIh,,thorne.com
PQQ,Thorne,CoQ10 & Reviews,https://www.thorne.com/products/dp/q-best-100?srsltid=AfmBOoor84q4UnrHh_BpPF_fFrFqaEjumLmVKIZZvbZgV71KMV0f6oFA,,thorne.com
PQQ,Pure Encapsulations,Manufacturer of Hypoallergenic Nutritional Supplements,https://www.pureencapsulations.com/media/PLs/2016PL_WEB_NP.pdf,,pureencapsulations.com
Resveratrol,Thorne,PolyResveratrol-SR® & Reviews,https://www.thorne.com/products/dp/polyresveratrol-sr-reg?srsltid=AfmBOoryIrgWqrcEXp7Cjkv5huhT4ymBTJGF6itaYafJuPlZqXUsNXQU,,thorne.com
Resveratrol,Thorne,ResveraCel® & Reviews,https://www.thorne.com/products/dp/resveracel?srsltid=AfmBOopEO4WSXs-nFwVEYItCSqo8AFw8WFyn5VadhRCs8iBOmNQ0CoCC,,thorne.com
Resveratrol,Pure Encapsulations,Resveratrol,https://www.pureencapsulations.com/media/Resveratrol.pdf,,pureencapsulations.com
Meriva-SF (Curcumin Phytosome),Thorne,Curcumin Phytosome - Sustained Release & Reviews,https://www.thorne.com/products/dp/meriva-sf?srsltid=AfmBOop-DpPIj6Lo7Cn_NkMsAue9q2UqN9S8EXynwLcE9PErnXIamVR4,,thorne.com
Meriva-SF (Curcumin Phytosome),Thorne,Curcumin Phytosome & Reviews,https://www.thorne.com/products/dp/meriva-500-sf-120?srsltid=AfmBOoqWghGrwOGV8md4n9Yw8l3v_zgzLjvV6ad86qN-j_B1WvzdX2PF,,thorne.com
Meriva-SF (Curcumin Phytosome),Pure Encapsulations,SEPTEMBER 2013 | PATIENT PRODUCT LIST,http://www.pureencapsulations.com/media/SEPT13PL_Patient.pdf,,pureencapsulations.com
Quercetin Phytosome,Thorne,Quercetin Phytosome & Reviews,https://www.thorne.com/products/dp/quercetin-phytosome?srsltid=AfmBOorXySZYaBaoCTWVzHHfwPO9V6brpj1t3KybzutrpEePJvH5wnX5,,thorne.com
Quercetin Phytosome,Pure Encapsulations,PureResponse™,https://www.pureencapsulations.com/media/18_05_Broch_PureResponse_FIN.pdf,,pureencapsulations.com
Quercetin Phytosome,Pure Encapsulations,2018 NEW PRODUCTS,https://www.pureencapsulations.com/media/18_10_Broch_NewProd_FIN_web.pdf,,pureencapsulations.com
Sulforaphane,Thorne,Sulforaphane Glucosinolate (SGS),https://www.thorne.com/ingredients/sulforaphane-glucosinolate?srsltid=AfmBOorRO9TMHliGhLuhcnaryL3lBpwFi4Fafa8qcUEScce0vdYz3Bsw,,thorne.com
Sulforaphane,Thorne,Broccoli Seed Extract (formerly Crucera-SGS) & Reviews,https://www.thorne.com/products/dp/crucera-sgs?srsltid=AfmBOoprlL2Adwr1EJcvXmnjpvuWOvsWVZ5NDp8ibt--xQx335pNii4L,,thorne.com
Sulforaphane,Pure Encapsulations,Our Best-Selling Formulas to Help Get You Started,https://www.pureencapsulations.com/media/21_01_PE_Best_Sellers_Brochure_FIN.pdf,,pureencapsulations.com
Astaxanthin,Thorne,Advanced Nutrients & Reviews,https://www.thorne.com/products/dp/extra-nutrients?srsltid=AfmBOoqLstoG3dvLnVUGqWl2-IAoH-EiSrfdBubmCLciej2ZPgUuw2Is,,thorne.com
Astaxanthin,Thorne,A Healthy Aging Multi: Extra Nutrients Just Got More Extra,https://www.thorne.com/take-5-daily/article/a-healthy-aging-multi-extra-nutrients-just-got-more-extra?srsltid=AfmBOooqj9zlEtA6otn0zC8BIC4UCx8iUmesHMZhOPSsmdW6jcGxXAPK,,thorne.com
Astaxanthin,Pure Encapsulations,Manufacturer of Hypoallergenic Nutritional Supplements,https://www.pureencapsulations.com/media/PLs/2016PL_WEB_NP.pdf,,pureencapsulations.com
Glutathione (reduced),Thorne,Glutathione-SR & Reviews,https://www.thorne.com/products/dp/glutathione-sr?srsltid=AfmBOoqJfD7vMPKQa_nkGQh06VqHlrVc5MHE5zZKBUCiaM7_6sLyazBr,,thorne.com
Glutathione (reduced),Thorne,SynaQuell™ & Reviews,https://www.thorne.com/products/dp/synaquell?srsltid=AfmBOoryD3Rk38RdYtC7AHK6ZrNJ2MtaatTOqr-KpyKbLICUBeUSsB1o,,thorne.com
Glutathione (reduced),Pure Encapsulations,A Thought Leadership Guide to Immune Health‡,https://www.pureencapsulations.com/media/Thought_Leadership_Guide_v5.pdf,,pureencapsulations.com
N-Acetyl-Cysteine (NAC),Thorne,NAC - N-Acetylcysteine & Reviews,https://www.thorne.com/products/dp/cysteplus-reg?srsltid=AfmBOoqFNZ4N2KHtPgrvOVsctY7hk3sJFWSYgQRlBkeX34G4KlttvyzI,,thorne.com
N-Acetyl-Cysteine (NAC),Pure Encapsulations,NAC (N-Acetyl-L-Cysteine),https://www.pureencapsulations.com/media/NAC.pdf,,pureencapsulations.com
N-Acetyl-Cysteine (NAC),Pure Encapsulations,Your Trusted Source,https://www.pureencapsulations.com/media/SEPT14_NEWPROD_FINAL_Web150dpi.pdf,,pureencapsulations.com
Liposomal Vitamin C,Thorne,Vitamin C Supplements & Reviews,https://www.thorne.com/products/by-ingredient/vitamin-c?srsltid=AfmBOopgviPaFncuYVNgRXkq8ygBfaTk-nrBg6NBnR4kWiUs9nerPclO,,thorne.com
Liposomal Vitamin C,Thorne,Vitamin C with Flavonoids & Reviews,https://www.thorne.com/products/dp/vit-c-w-flavonoids?srsltid=AfmBOopJ4ZhVGgze_2TNN87TQTBuVpYiPX-WokdtTOne6cgOBGqJbk0P,,thorne.com
Liposomal Vitamin C,Pure Encapsulations,2019 New Products,https://www.pureencapsulations.com/media/pdf_upload/19_12_PE_NewProducts_Stock_Brochure_FINAL.pdf,,pureencapsulations.com
Grape-Seed Extract,Thorne,Grape Seed Extract & Reviews,https://www.thorne.com/products/dp/o-p-c-100-trade?srsltid=AfmBOoowbZa149dhDLInjimUIhPrKuqwt5LG233JI94fFpHuLZn284Bc,,thorne.com
Grape-Seed Extract,Thorne,Grape Seed Extract Benefits,https://www.thorne.com/take-5-daily/article/all-about-grape-seed-extract?srsltid=AfmBOooKwbqFgZ2GMrrYyFFqEu3q7n-n5L5wAVgukpSqC6Bx-1WOwgPp,,thorne.com
Grape-Seed Extract,Pure Encapsulations,Grape Pip,https://www.pureencapsulations.com/media/pdf_upload/Grape%20Pip.pdf,,pureencapsulations.com
Green-Tea Extract (EGCG),Thorne,Green Tea Phytosome & Reviews,https://www.thorne.com/products/dp/green-tea-phytosome?srsltid=AfmBOoq-QiBfN3IIzqscSuflSKbkQ3OM8xJ1jHLMiiyCMFLIp2b5R19L,,thorne.com
Green-Tea Extract (EGCG),Pure Encapsulations,Bioflavonex,https://www.pureencapsulations.com/media/Bioflavonex.pdf,,pureencapsulations.com
Green-Tea Extract (EGCG),Pure Encapsulations,PureWeigh®-FM,https://www.pureencapsulations.com/media/PureWeigh_FM.pdf,,pureencapsulations.com
Lycopene,Thorne,12 Red Foods for Better Heart Health,https://www.thorne.com/take-5-daily/article/12-red-foods-for-better-heart-health?srsltid=AfmBOopUWT7UrTRK4JebBYyK0B46P2suX4V1CNqycscQBBrx5iJEpwdD,,thorne.com
Lycopene,Thorne,A Healthy Aging Multi: Extra Nutrients Just Got More Extra,https://www.thorne.com/take-5-daily/article/a-healthy-aging-multi-extra-nutrients-just-got-more-extra?srsltid=AfmBOormbvpLbmLoSArXs0DxZBwTg2SjT8udweNebBwnN-4Pwb0hW5J0,,thorne.com
Lycopene,Pure Encapsulations,Nutrient 950® / Nutrient 280®,https://www.pureencapsulations.com/media/Nutrient_950_280.pdf,,pureencapsulations.com
β-Carotene,Thorne,Beta-Carotene Supplements & Reviews,https://ca.thorne.com/products/by-ingredient/beta--carotene,,thorne.com
β-Carotene,Thorne,New FDA Supplement Facts Box Labeling Changes,https://www.thorne.com/take-5-daily/article/new-fda-supplement-facts-box-labeling-changes-thorne-s-ahead-of-the-game?srsltid=AfmBOorCA0Vc-VhlVyqlJ_W1RtGGeBQdCN6X7ANImPz_1dJpoc6LeAP5,,thorne.com
β-Carotene,Pure Encapsulations,PreNatal Nutrients,https://www.pureencapsulations.com/media/pdf_upload/PreNatal%20Nutrients.pdf,,pureencapsulations.com
R-Lipoic Acid,Thorne,R-Lipoic Acid & Reviews,https://www.thorne.com/products/dp/r-lipoic-acid?srsltid=AfmBOopHolJ0pZLEDlW_nWGC9wKDvK6oC2CXb7znPpwpyj-8Kw4x9Z5a,,thorne.com
R-Lipoic Acid,Thorne,R-Lipoic Acid & Reviews,https://www.thorne.com/products/dp/cdn-r-lipoic-acid?srsltid=AfmBOopOZpPV7CyQC4VvgUUfyGkOt7aEls3bQqCPiwDL5b9C3m0Ce_Z6,,thorne.com
R-Lipoic Acid,Pure Encapsulations,R-Lipoic Acid (stabilized),https://www.pureencapsulations.com/media/R_Lipoic%20Acid.pdf,,pureencapsulations.com
Ashwagandha (KSM-66),Thorne,Ashwagandha,https://www.thorne.com/ingredients/ashwagandha?srsltid=AfmBOor_VamcRc9URsU-uu8GGWQIE-2FQb6wLe-n44nCVkW98sY604Cj,,thorne.com
Ashwagandha (KSM-66),Thorne,Ashwagandha Supplements & Reviews,https://www.thorne.com/products/by-ingredient/ashwagandha?srsltid=AfmBOooFU-4s2H7OGM-RiPeDRgYDMVxr4GMOPpzavn3K_ZFzZUQvaCAd,,thorne.com
Ashwagandha (KSM-66),Pure Encapsulations,On-Demand Learning,http://blog.pureencapsulations.com/072517-press-release/,,pureencapsulations.com
Rhodiola rosea,Thorne,Rhodiola & Reviews,https://www.thorne.com/products/dp/rhodiola?srsltid=AfmBOookQtCIew2nS_ILrN_fDttTuKMICbHQZ8pn9Wps_dv1ukttw0cv,,thorne.com
Rhodiola rosea,Thorne,Rhodiola Extract: A Guide to Benefits and Uses,https://www.thorne.com/take-5-daily/article/rhodiola-extract-benefits-and-uses-of-this-powerful-adaptogen?srsltid=AfmBOorQkn-XwD9G8R89TFH2CYiwbm-zTUIGadC2bEsnAt0oQ88mguFz,,thorne.com
Rhodiola rosea,Pure Encapsulations,Integrative mental health,https://www.pureencapsulations.com/media/wysiwyg/webinars/PDF/Greenblatt%20Webinar%20Oct%202012_MED.pdf,,pureencapsulations.com
Panax Ginseng,Thorne,Ginseng Plus & Reviews,https://www.thorne.com/products/dp/ginseng-plus?srsltid=AfmBOoqAw9a8XZidZMKCP5qMKuND914xHsMOMtKuAyB147jgTCTgj7Ti,,thorne.com
Panax Ginseng,Thorne,Botanical Benefits for Body and Brain: Ginseng Plus,https://www.thorne.com/take-5-daily/article/botanical-benefits-for-body-and-brain-ginseng-plus?srsltid=AfmBOorUXzbRzOyrKSuLrkodzTOL9614M9jOTwPTv2pm1FAGXbs-X0TW,,thorne.com
Panax Ginseng,Pure Encapsulations,Glucose Support Formula,https://www.pureencapsulations.com/media/Glucose_Support_Formula.pdf,,pureencapsulations.com
American Ginseng,Thorne,Botanical Benefits for Body and Brain: Ginseng Plus,https://www.thorne.com/take-5-daily/article/botanical-benefits-for-body-and-brain-ginseng-plus?srsltid=AfmBOorpni2Gh4bphBCvO8Pz0JrkFbxQVQmJ1W06KSIMnErdW5YIhd9R,,thorne.com
American Ginseng,Thorne,"Adaptogens, Revisited: Benefits of Ginseng",https://www.thorne.com/take-5-daily/podcast/adaptogens-revisited-benefits-of-ginseng?srsltid=AfmBOoo5hcq0sx9Bf8gLIxIiv__m5xvAyPdMbk9zRkKNrXbLICIysnV3,,thorne.com
American Ginseng,Pure Encapsulations,On-Demand Learning,http://blog.pureencapsulations.com/072517-press-release/,,pureencapsulations.com
Eleuthero (Siberian Ginseng),Thorne,Eleuthero: A Botanical that Supports Your Vitality,https://www.thorne.com/take-5-daily/article/eleuthero-a-botanical-that-supports-your-vitality?srsltid=AfmBOoolirZSWc6K1QCE5fh7qQo10CuX_1HV3SaLspEC4CsDXyVvFV7L,,thorne.com
Eleuthero (Siberian Ginseng),Thorne,What Are Adaptogens and Their Benefits?,https://www.thorne.com/take-5-daily/article/what-are-adaptogens-why-should-you-care?srsltid=AfmBOoo1-qKHaDmlEYE5tVXuJfW3F7BOG2TNt5aV3MHRTe4AlY-MiCLu,,thorne.com
Eleuthero (Siberian Ginseng),Pure Encapsulations,Manufacturer of Hypoallergenic Nutritional Supplements,https://www.pureencapsulations.com/media/PLs/2016PL_WEB_NP.pdf,,pureencapsulations.com
Holy Basil,Thorne,Stress Balance & Reviews,https://www.thorne.com/products/dp/phytisone-reg?srsltid=AfmBOop0ZQMEerIlknRy9Kr4XtBQ6dEy-y4txpnAnesRok97jn8P5pC9,,thorne.com
Holy Basil,Pure Encapsulations,PureWoman™,https://www.pureencapsulations.com/media/16_03_4Pgr_PureWmn-PMS_FINAL.pdf,,pureencapsulations.com
Holy Basil,Designs for Health,Peripheral Neuropathy: Causes Symptomatology and Natural ...,https://blog.designsforhealth.com/bid/163114/Peripheral-Neuropathy-Causes-Symptomatology-and-Natural-Solutions,,designsforhealth.com
Bacopa monnieri,Thorne,Bacopa Extract Supplements & Reviews,https://www.thorne.com/products/by-ingredient/bacopa-extract?srsltid=AfmBOorMEdXtnrjkxkqTOXZ9-u5g_wOeABjPAc_banZf9jHAtio1vE_w,,thorne.com
Bacopa monnieri,Thorne,10 Nootropic Supplements to Support Brain Function,https://www.thorne.com/take-5-daily/article/top-10-nootropic-supplements?srsltid=AfmBOoqwSbET7F1qIQKuW8uJqpWEJb-38aAns756MMG43EuXq01rfVHZ,,thorne.com
Bacopa monnieri,Pure Encapsulations,Manufacturer of Hypoallergenic Nutritional Supplements,https://www.pureencapsulations.com/media/PLs/2016PL_WEB_NP.pdf,,pureencapsulations.com
Lion's Mane Mushroom,Thorne,The Potential Health Benefits of Lion's Mane Mushroom,https://www.thorne.com/take-5-daily/article/the-potential-health-benefits-of-lions-mane-mushroom?srsltid=AfmBOor4fsdPz2cxihZ3t5Wj75qzH3IfZ-oS7uaE7wX3nGsE4BdI0JMv,,thorne.com
Lion's Mane Mushroom,Thorne,Lion's Mane Mushroom Supplements & Reviews,https://www.thorne.com/products/by-ingredient/lion%E2%80%99s-mane-mushroom?srsltid=AfmBOook7CeGUDbTPx6oQTx6latT_6lyRIJEsLZxqfKc4TEPBdT8KCtu,,thorne.com
Lion's Mane Mushroom,Designs for Health,MycoSupreme™,https://www.designsforhealth.com/api/library-assets/patient-education---mycosupreme-patient-ed-sheet?srsltid=AfmBOoq8KGZu2G00F7OJ_wtM4hYbUzv6im8yZg2pQ-EHGIud20FhT3kH,,designsforhealth.com
Cordyceps militaris,Thorne,How Mushrooms Benefit Performance and Well-Being,https://www.thorne.com/take-5-daily/article/how-mushrooms-benefit-athletic-performance-and-optimal-wellness?srsltid=AfmBOopUYSB9fhZl44m3J2K9m4DNLwWJ09X2moGFauC1nrFNj4gpkGyE,,thorne.com
Cordyceps militaris,Designs for Health,The Latest on the Health-supportive Role of Cordyceps,https://blog.designsforhealth.com/node/1553,,designsforhealth.com
Reishi Mushroom,Thorne,Reishi Mushroom Supplements & Reviews,https://www.thorne.com/products/by-ingredient/reishi-mushroom?srsltid=AfmBOoox8zx7msuQZFHCAQ-8bMoitP1-7HDZOD1Jf1oCQPUfAV_fGQtw,,thorne.com
Reishi Mushroom,Thorne,Medicinal Mushrooms: Immune Support and More,https://www.thorne.com/take-5-daily/article/medicinal-mushrooms-immune-support-and-a-lot-more?srsltid=AfmBOoqNDQT7oGpYyD8DiliPNZtgW3h4oBizBrbxcfPPh_4LdQt5IeTJ,,thorne.com
Reishi Mushroom,Pure Encapsulations,2019 New Products,https://www.pureencapsulations.com/media/pdf_upload/19_12_PE_NewProducts_Stock_Brochure_FINAL.pdf,,pureencapsulations.com
Chaga Mushroom,Thorne,Chaga Mushroom Supplements & Reviews,https://www.thorne.com/products/by-ingredient/chaga-mushroom?srsltid=AfmBOopyx7yVwmfgOFC3hTerPbP7cwcH-S66OQW8P_HZ0Y37B5mm-cQo,,thorne.com
Chaga Mushroom,Thorne,Meet the Greens – Mushrooms and More,https://www.thorne.com/take-5-daily/article/meet-the-greens-from-ashwagandha-to-zinc-mushrooms-antioxidants-and-more?srsltid=AfmBOoreHQbZ3YipNpt0vX_ko_lAgRbYy0l-p2VK3I_j7mWydL3eeLn5,,thorne.com
Chaga Mushroom,Designs for Health,Mushrooms for Nutritional Medicine - casi.org,https://blog.designsforhealth.com/node/952,,designsforhealth.com
Maitake Mushroom,Thorne,Maitake Mushroom Supplements & Reviews,https://www.thorne.com/products/by-ingredient/maitake-mushroom?srsltid=AfmBOooRewXANC13J7mW1imXFTjbRfiGlauO2J4T2i6ROUac_VYFOqaB,,thorne.com
Maitake Mushroom,Thorne,Medicinal Mushrooms: Immune Support and More,https://www.thorne.com/take-5-daily/article/medicinal-mushrooms-immune-support-and-a-lot-more?srsltid=AfmBOophzdGAjURa063hsxDmwSGsN8-TFDYMHz-pzNy5FTZJDrZV9juw,,thorne.com
Maitake Mushroom,Pure Encapsulations,Glucose Support Formula,https://www.pureencapsulations.com/media/Glucose_Support_Formula.pdf,,pureencapsulations.com
Ginkgo biloba,Thorne,Ginkgo Phytosome Supplements & Reviews,https://www.thorne.com/products/by-ingredient/ginkgo-phytosome?srsltid=AfmBOopZhS-T4gA_WhYu0q-YzH2l7awiSJzvXfuNPuma5d9R73XLX6j1,,thorne.com
Ginkgo biloba,Thorne,10 Nootropic Supplements to Support Brain Function,https://www.thorne.com/take-5-daily/article/top-10-nootropic-supplements?srsltid=AfmBOor_rdb8VDY03QA_9wiEsu0zk3fDE9FSHFd4QlvZvizEMMHShhDZ,,thorne.com
Ginkgo biloba,Pure Encapsulations,Ginkgo 50,https://www.pureencapsulations.com/media/pdf_upload/Ginkgo%2050.pdf,,pureencapsulations.com
Gotu Kola,Designs for Health,Gotu Kola: Go-To for Skin & Veins - casi.org,https://blog.designsforhealth.com/node/770,,designsforhealth.com
Maca Root,Thorne,Episode 26: Hormones and Your Health,https://www.thorne.com/take-5-daily/podcast/episode-26-hormones-and-your-health?srsltid=AfmBOoqbiMsATYAkBekXKeNy6vu-T0-2zgAEMgM7pUct8JCYJOBRJbda,,thorne.com
Maca Root,Pure Encapsulations,BEST SELLERS,https://www.pureencapsulations.com/media/18_05_PE-Broch_BestSellers2018_FINAL-WEB.pdf,,pureencapsulations.com
Maca Root,Pure Encapsulations,Manufacturer of Hypoallergenic Nutritional Supplements,https://www.pureencapsulations.com/media/PLs/2016PL_WEB_NP.pdf,,pureencapsulations.com
Schisandra chinensis,Thorne,Phytogen® & Reviews,https://www.thorne.com/products/dp/cdn-phytogen-reg-60-s?srsltid=AfmBOop4Z3m6SejoU5rPLiBvbzf_rjSLVICNXIVtbImzgZ8Q_qJDq4yO,,thorne.com
Schisandra chinensis,Designs for Health,Schisandra – Give the Liver Some Love - casi.org,https://blog.designsforhealth.com/node/802,,designsforhealth.com
Astragalus membranaceus,Thorne,Phytogen® & Reviews,https://www.thorne.com/products/dp/cdn-phytogen-reg-60-s?srsltid=AfmBOop0WoxNw5ir9_gwITwADUyYdKikpb3bXLIAvZHxmXhtHgqQtOQv,,thorne.com
Astragalus membranaceus,Pure Encapsulations,PureResponse™,https://www.pureencapsulations.com/media/18_05_Broch_PureResponse_FIN.pdf,,pureencapsulations.com
Astragalus membranaceus,Designs for Health,"Astragalus: Funny Name, Serious Benefits - casi.org",https://blog.designsforhealth.com/node/897,,designsforhealth.com
Saffron Extract,Thorne,5 Natural Aphrodisiacs to Help Get You in the Mood,https://www.thorne.com/take-5-daily/article/5-natural-aphrodisiacs-to-help-get-you-in-the-mood?srsltid=AfmBOoqxbScO7EKl8vsSPsHV13P-jNzGcrN_QNXIozw921IrykzTpEAY,,thorne.com
Saffron Extract,Thorne,Supplements & Tests,https://www.thorne.com/products?srsltid=AfmBOorjSMnCSytRY-hm-XPiWTfujMXgPqqhTtfsvShJwBSr0C232sNH,,thorne.com
Saffron Extract,Pure Encapsulations,On-Demand Learning,http://blog.pureencapsulations.com/072517-press-release/,,pureencapsulations.com
Huperzine A,Thorne,Episode 19: Getting Smart about Brain Health,https://www.thorne.com/take-5-daily/podcast/episode-19-getting-smart-about-brain-health?srsltid=AfmBOorQAScR64m3_7Ltwv0CehfD98RLJVwkBCpp5I_Q2tA_j_gM3Ogf,,thorne.com
Huperzine A,Thorne,Memoractiv™ & Reviews,https://www.thorne.com/products/dp/memoractiv-trade?srsltid=AfmBOoo1YC9MjSdb0p3OPBdfGKNaD2_7GIyG3MoxtyA2xjtuU7XDqvwF,,thorne.com
Huperzine A,Designs for Health,CogniAid™,https://www.designsforhealth.com/api/library-assets/patient-education---cogniaid?srsltid=AfmBOop3wuYdirMWF6Zg0XXIVPsezLNeE5_4GFv1OfWC4IrJmnuzds-X,,designsforhealth.com
Alpha-GPC,Thorne,How Can Alpha-GPC Benefit Your Workout?,https://www.thorne.com/take-5-daily/article/alpha-gpc?srsltid=AfmBOoqmKc_GTGAQzqoYOOLbVGPK_zM4Z_ODby9bYbTJ4IYWP1cmg8-c,,thorne.com
Alpha-GPC,Thorne,Alpha GPC (L-alpha-Glycerylphosphorylcholine) ...,https://www.thorne.com/products/by-ingredient/alpha-gpc-(l--alpha--glycerylphosphorylcholine)?srsltid=AfmBOop-69pWKRTHY67eBzQJ-R0x106la9Pl4ixTLhkQHS3bRIoCV9q4,,thorne.com
Alpha-GPC,Pure Encapsulations,On-Demand Learning,http://blog.pureencapsulations.com/072517-press-release/,,pureencapsulations.com
Phosphatidylserine,Thorne,Phosphatidylserine & Reviews,https://www.thorne.com/products/dp/iso-phos-reg?srsltid=AfmBOormZQ8F1fZsSt2v3qfMVIroVZPtFloma35ABBmVYFJWrpvqJEku,,thorne.com
Phosphatidylserine,Thorne,Phosphatidylserine Supplements & Reviews,https://www.thorne.com/products/by-ingredient/phosphatidylserine?srsltid=AfmBOoqCq1KzcgT4p7Ef50_W_W7IThzIA7U5Y4QDqbXq7XV5uDF73dOl,,thorne.com
Phosphatidylserine,Pure Encapsulations,On-Demand Learning,http://blog.pureencapsulations.com/072517-press-release/,,pureencapsulations.com
Pterostilbene,Thorne,Pterostilbene Supplements & Reviews,https://www.thorne.com/products/by-ingredient/pterostilbene?srsltid=AfmBOoobCgrzKIvlfpgp3ufGckLaNNf8EmFBrqif1bqDF8-O-I75XbSx,,thorne.com
Pterostilbene,Thorne,PolyResveratrol-SR® & Reviews,https://www.thorne.com/products/dp/polyresveratrol-sr-reg?srsltid=AfmBOorfp6tEmtkLRmg5E0K1EZmq1DI2mYKRuPUtPKXm7ZVW7KzF17L-,,thorne.com
Pterostilbene,Pure Encapsulations,BEST SELLERS,https://www.pureencapsulations.com/media/18_05_PE-Broch_BestSellers2018_FINAL-WEB.pdf,,pureencapsulations.com
DHEA,Thorne,Search results for dhea,https://www.thorne.com/search?q=dhea&srsltid=AfmBOor1oLqZTZ0V4yxVWgPqpZXsj8VYWPoN0nTODnWXAfDOGwNWm4U2,,thorne.com
DHEA,Thorne,Meet the Sex Hormones and Their Role in Your Health,https://www.thorne.com/take-5-daily/article/meet-the-sex-hormones-and-their-role-in-your-health?srsltid=AfmBOopxWSKNwJe6U5ATICE-uCPfHta9Etq2MleEWy0P-NvCbjJqrgxE,,thorne.com
DHEA,Pure Encapsulations,HORMONE TUNE-UP PROTOCOL‡,https://www.pureencapsulations.com/media/18_05_DL_TTU_Protocols_FIN_Hormone.pdf,,pureencapsulations.com
Pregnenolone,Thorne,Hormone Support Supplements & Reviews,https://www.thorne.com/products/by-health-need/hormone-support?srsltid=AfmBOoqe1p-r9vWgiOgdzoFmnDxQA68tuW_BZdH1QBxBFZNJHVHaFryX,,thorne.com
Pregnenolone,Thorne,Hysteria or Hype? The Use of Hormone Replacement ...,https://www.thorne.com/take-5-daily/article/hysteria-or-hype-the-use-of-hormone-replacement-therapy-in-perimenopause?srsltid=AfmBOoqGv5VW0yoALZwo_eB16ZLxEl2ObUQlQL-yX9Fd8diQMjp_cZ2U,,thorne.com
Pregnenolone,Pure Encapsulations,PureWoman™,https://www.pureencapsulations.com/media/16_03_4Pgr_PureWmn-PMS_FINAL.pdf,,pureencapsulations.com
7-Keto DHEA,Thorne,Search results for dhea,https://www.thorne.com/search?q=dhea&srsltid=AfmBOorlBboBUfY_wcCaPedIU4NaPZkeifRvSHaBi58te59GHQAV1gwz,,thorne.com
7-Keto DHEA,Pure Encapsulations,PureWeigh®-FM,https://www.pureencapsulations.com/media/PureWeigh_FM.pdf,,pureencapsulations.com
7-Keto DHEA,Designs for Health,7-Keto® | Superior Supplement Products - Science First,https://www.designsforhealth.com/products/7-keto?srsltid=AfmBOorHc1Gks5K91-DznxHZNDZol9YqJH1yJ54SdM9XHT7y8KLcExte,,designsforhealth.com
DIM (Diindolylmethane),Thorne,Hormone Advantage & Reviews,https://www.thorne.com/products/dp/dim-crucera?srsltid=AfmBOoo_zLmQfrqrSHm9PyI10KQJjprlDJLauuRlgDfYJEMNO9wJiXad,,thorne.com
DIM (Diindolylmethane),Thorne,DIM vs. I3C: A Broccoli-Based Lesson in Biochemistry,https://www.thorne.com/take-5-daily/article/what-is-dim-is-it-the-same-as-i3c?srsltid=AfmBOoqaXuMzbM3VJOpFPSKJ_2rdCgDdQ-x_0U2Orph0SIGAtdl_XY_6,,thorne.com
DIM (Diindolylmethane),Pure Encapsulations,Our Best-Selling Formulas to Help Get You Started,https://www.pureencapsulations.com/media/21_01_PE_Best_Sellers_Brochure_FIN.pdf,,pureencapsulations.com
Calcium-D-Glucarate,Thorne,Calcium D-Glucarate & Reviews,https://www.thorne.com/products/dp/calcium-d-glucarate?srsltid=AfmBOorkQwKWgIqx-ilbmJXAymXmKJoXn5i3v79nWmoGuxTOBWH3gKlS,,thorne.com
Calcium-D-Glucarate,Thorne,Calcium D-Glucarate & Reviews,https://www.thorne.com/products/dp/cdn-calcium-d-glucarate?srsltid=AfmBOooacIb6yupxly_p6Wu9xNmsd4pOh7i-dnhfsitl4_7xUltC2fMb,,thorne.com
Calcium-D-Glucarate,Pure Encapsulations,BEST SELLERS,https://www.pureencapsulations.com/media/18_05_PE-Broch_BestSellers2018_FINAL-WEB.pdf,,pureencapsulations.com
Betaine Anhydrous (TMG),Thorne,Betaine Anhydrous Supplements & Reviews,https://www.thorne.com/products/by-ingredient/betaine-anhydrous?srsltid=AfmBOooS99WjgDNHcxYYV0SfM97PTWKk36awMxCFVHs1uTkTyozgYoT8,,thorne.com
Betaine Anhydrous (TMG),Thorne,Methyl-Guard Plus® & Reviews,https://www.thorne.com/products/dp/methyl-guard-plus-reg?srsltid=AfmBOopcrklwbgARWyQuVRaWOt9Yy9HdY1XCZpMaE76J_-ckx5TMt7J5,,thorne.com
Betaine Anhydrous (TMG),Designs for Health,DFH_Catalog_v29.pdf,https://files.designsforhealth.com/catalog/DFH_Catalog_v29.pdf,,designsforhealth.com
Berberine HCl,Thorne,Berberine & Reviews,https://www.thorne.com/products/dp/berberine-500?srsltid=AfmBOor30lcjWxB8x145ADjpZIv4H1uqTqx-Y137F-b61pyEW57lJ-AQ,,thorne.com
Berberine HCl,Thorne,Berberine - 200 mg & Reviews,https://www.thorne.com/products/dp/berbercap-reg?srsltid=AfmBOoraOGHV6bI8gDiRqm5oBkEh0wTUROZ5V19GrTiroB3ENQovIb54,,thorne.com
Berberine HCl,Pure Encapsulations,Your Trusted Source,https://www.pureencapsulations.com/media/SEPT14_NEWPROD_FINAL_Web150dpi.pdf,,pureencapsulations.com
Chromium–Vanadium Complex,Thorne,Basic Nutrients V & Reviews,https://www.thorne.com/products/dp/basic-nutrients-v?srsltid=AfmBOook9grZr9U8ocG-gljRmdkfrhn0dh1ZMxrwnR-8XSBy21kiAD63,,thorne.com
Chromium–Vanadium Complex,Thorne,Basic Nutrients III & Reviews,https://www.thorne.com/products/foundational-nutrition/dp/basic-nutrients-iii-without-copper-and-iron?srsltid=AfmBOopKVyCrp65PVnnqAq7pVihTo2JHEz0p6ioCQGdkgmvXEm88fmf2,,thorne.com
Chromium–Vanadium Complex,Pure Encapsulations,Athletic Performance,https://www.pureencapsulations.com/media/brch_AthPerf.pdf,,pureencapsulations.com
Green-Coffee-Bean Extract,Thorne,Coffee Fruit Extract Supplements & Reviews,https://www.thorne.com/products/by-ingredient/coffee-fruit-extract?srsltid=AfmBOooXbeOK-IRe0jzX1KVFp0KEzEaY2DGTp8Htx6lHp4eGW2KX6vDl,,thorne.com
Green-Coffee-Bean Extract,Thorne,What is BDNF and How Does it Affect Brain Health?,https://www.thorne.com/take-5-daily/article/what-is-bdnf-and-how-does-it-affect-brain-health?srsltid=AfmBOorXJOavZRng5B_NdIwGqnWj7coKvFxq9C9MfP_iXTzC7Ju3Tdsu,,thorne.com
Green-Coffee-Bean Extract,Pure Encapsulations,PureLean®,https://www.pureencapsulations.com/media/brch_PLean.Jan2015.pdf,,pureencapsulations.com
White-Kidney-Bean Extract,Thorne,"Low Testosterone in Men: Causes, Effects, and Solutions",https://www.thorne.com/take-5-daily/article/low-testosterone-in-men-causes-effects-and-solutions?srsltid=AfmBOorue6mbL1dICR7eM2XEjC1FHGhnQs6mtoTb3C3hhqOefReQeEJs,,thorne.com
White-Kidney-Bean Extract,Thorne,12 Red Foods for Better Heart Health,https://www.thorne.com/take-5-daily/article/12-red-foods-for-better-heart-health?srsltid=AfmBOopj6E9KjI47kgG2eVM8ZowCiwICN2OeMFJcBxu26E0yFXZ22n0J,,thorne.com
White-Kidney-Bean Extract,Pure Encapsulations,Manufacturer of Hypoallergenic Nutritional Supplements,https://www.pureencapsulations.com/media/PLs/2016PL_WEB_NP.pdf,,pureencapsulations.com
Fucoxanthin,Pure Encapsulations,The PureGenomics® Metabolic Support Protocol*,https://www.pureencapsulations.com/media/PureGenomics_MetabolicProtocolOnPgr_2017_FINAL.pdf,,pureencapsulations.com
Cayenne Extract,Thorne,6 Spices (and Other Foods) for Healthy Immune Function,https://www.thorne.com/take-5-daily/article/6-kitchen-spices-that-help-support-you-during-cold-and-flu-season?srsltid=AfmBOooKb_3E8G8fuyc7xiDUMUxoKI49Zyaf69BAbXaeO7FkqopXVc2P,,thorne.com
Cayenne Extract,Thorne,Heart & Vessels Supplements & Reviews,https://www.thorne.com/products/by-health-need/heart-&-vessels?srsltid=AfmBOopYcuXC22GlNBjOISJGVdykMZimfSeHFEOuXPgitHR9NWvdE9jC,,thorne.com
Cayenne Extract,Designs for Health,Good ol' Glutathione – the Antidote to Snake Oil “Detoxes”,https://blog.designsforhealth.com/good-ol-glutathione-%E2%80%93-the-antidote-to-snake-oil-detoxes-0,,designsforhealth.com
Glucosamine Sulfate,Thorne,Glucosamine Sulfate & Reviews,https://www.thorne.com/products/dp/glucosamine-sulfate?srsltid=AfmBOoqRQ_O4NWsPoCrn8bIGZRBnYqBLsuVKT-6jPxhkdnM6lVN7SAPV,,thorne.com
Glucosamine Sulfate,Thorne,Glucosamine & Chondroitin & Reviews,https://www.thorne.com/products/dp/glucosamine-chondroitin?srsltid=AfmBOoqXsr8OEd6papI3Fsvm5NnYGxB8T6ax1EUR5mCOcR1ynwli55JY,,thorne.com
Glucosamine Sulfate,Pure Encapsulations,Glucosamine + Chondroitin with Manganese,https://www.pureencapsulations.com/media/Glucosamine_Chond_Manganese.pdf,,pureencapsulations.com
Chondroitin Sulfate,Thorne,Glucosamine & Chondroitin & Reviews,https://www.thorne.com/products/dp/glucosamine-chondroitin?srsltid=AfmBOooAP8kMcYA0XUv93_LQ9GDgEdjcdG371ve15KTwV9OZ02qldsvL,,thorne.com
Chondroitin Sulfate,Thorne,Chondroitin Sulfate Supplements & Reviews,https://www.thorne.com/products/by-ingredient/chondroitin-sulfate?srsltid=AfmBOopkF0NV56m-gO6NOMNCTomUUcOl73-EjgMfpd2H5lYXQXzqSOrW,,thorne.com
Chondroitin Sulfate,Pure Encapsulations,Glucosamine + Chondroitin with Manganese,https://www.pureencapsulations.com/media/Glucosamine_Chond_Manganese.pdf,,pureencapsulations.com
MSM,Thorne,Methyl Sulfonyl Methane Supplements & Reviews,https://www.thorne.com/products/by-ingredient/methyl-sulfonyl-methane?srsltid=AfmBOoqDt3yaBAu60aNssFmZcFQfZU-yfwha7JHlPd-1TCEFowUOiGYv,,thorne.com
MSM,Thorne,Supplements to Support Joint Comfort and Mobility,https://www.thorne.com/take-5-daily/article/how-to-support-joint-comfort-and-maintain-a-healthy-range-of-motion?srsltid=AfmBOopuIIjCpE2UxoXf_EVkkbOBzNV6_TDJrfMMTA1xKBFGAmZV_Rvp,,thorne.com
MSM,Pure Encapsulations,Glucosamine/ MSM,https://www.pureencapsulations.com/media/Glucosamine_MSM.pdf,,pureencapsulations.com
Hyaluronic Acid,Thorne,Mayo Clinic: Effective Tools for Skin Longevity,https://www.thorne.com/take-5-daily/article/mayo-clinic-effective-tools-for-skin-longevity?srsltid=AfmBOooegzPZVOrJH4EsXUW3byhgw2fWuAl4cJ7hmi7B0Z1gDTl-J0Iu,,thorne.com
Hyaluronic Acid,Thorne,Skin Health Bundle & Reviews,https://www.thorne.com/products/dp/skin-health-bundle?srsltid=AfmBOoqf-_8smY0g-_tJ2OMbAwLVhBm-iDmzyTL8ea9BQTjs8YFTEBPS,,thorne.com
Hyaluronic Acid,Pure Encapsulations,Athletic Performance,https://www.pureencapsulations.com/media/brch_AthPerf.pdf,,pureencapsulations.com
Strontium Citrate,Thorne,Advanced Bone Support & Reviews,https://www.thorne.com/products/dp/oscap?srsltid=AfmBOor-68HryIf5HQ6WqPOfBVbMHryzSxYUus47LUEVWxb6au6Sii9b,,thorne.com
Strontium Citrate,Thorne,Episode 53: Aid for Bone Loss and Muscle Atrophy,https://www.thorne.com/take-5-daily/podcast/episode-53-exploring-bone-and-muscle-loss-and-what-to-do-about-it?srsltid=AfmBOoqJf2rsXwRSVEkGIHGj4lg2O2gX52GCER8mvOVtCWtycj5x3uyN,,thorne.com
Strontium Citrate,Pure Encapsulations,Professional Order Form - January 2019,https://www.pureencapsulations.com/media/PLs/Pure_2019%20Order%20Form.pdf,,pureencapsulations.com
Boswellia Serrata,Thorne,Boswellia Phytosome,https://www.thorne.com/ingredients/boswellia-phytosome?srsltid=AfmBOooemgk_tktIYHiOintl8-uUhP-UDBSgGRNHQVOzb_4gfN5RgvfF,,thorne.com
Boswellia Serrata,Pure Encapsulations,Manufacturer of Hypoallergenic Nutritional Supplements,https://www.pureencapsulations.com/media/PLs/2016PL_WEB_NP.pdf,,pureencapsulations.com
Boswellia Serrata,Designs for Health,Supporting Musculoskeletal Health With Boswellia - casi.org,https://blog.designsforhealth.com/node/1380,,designsforhealth.com
Multi-Strain Probiotic (50 B CFU),Thorne,Thorne Probiotics,https://www.thorne.com/products/set/probiotics?srsltid=AfmBOoqa4JP7m35Pr6FziCIO8Gznj8SJ9blmrKc63UBVWGgntytEkXEM,,thorne.com
Multi-Strain Probiotic (50 B CFU),Pure Encapsulations,BEST SELLERS,https://www.pureencapsulations.com/media/18_05_PE-Broch_BestSellers2018_FINAL-WEB.pdf,,pureencapsulations.com
Multi-Strain Probiotic (50 B CFU),Pure Encapsulations,Your Trusted Source,https://www.pureencapsulations.com/media/SEPT14_NEWPROD_FINAL_Web150dpi.pdf,,pureencapsulations.com
Saccharomyces boulardii,Thorne,Sacro-B™ & Reviews,https://www.thorne.com/products/dp/sacro-b-trade?srsltid=AfmBOoq_h-if9f0TpPiA3AIJ-BLCgP5iOUw85ezcVIFzey9U6wgSPIRe,,thorne.com
Saccharomyces boulardii,Pure Encapsulations,PureBi•Ome™ Intensive,https://www.pureencapsulations.com/media/pdf_upload/PureBiOme_Intensive.pdf,,pureencapsulations.com
Saccharomyces boulardii,Designs for Health,The Latest on Saccharomyces boulardii and GI Health - casi.org,https://blog.designsforhealth.com/node/1523,,designsforhealth.com
Spore-Based Probiotic,Thorne,Bacillus Coagulans,https://www.thorne.com/ingredients/bacillus-coagulans?srsltid=AfmBOoqKN3Ljv4veRccmoB3FAeSKAlkxhS3fpFllsSJnWGfSIYacShue,,thorne.com
Spore-Based Probiotic,Thorne,Bacillus Coagulans & Reviews,https://www.thorne.com/products/dp/bacillus-coagulans?srsltid=AfmBOoqMFI5fD5RVdBMb-gRBUeVsIIFD3EmK5o443jyczpUKZjqA7Rmu,,thorne.com
Spore-Based Probiotic,Pure Encapsulations,Features and Benefits of Multi-Probiotic® Formulations,https://www.pureencapsulations.com/media/22_05_MultiProbiotic_Product_Selection_Guide_FIN.pdf,,pureencapsulations.com
Betaine HCl & Pepsin,Thorne,Betaine HCL & Pepsin & Reviews,https://www.thorne.com/products/dp/betaine-hcl-pepsin-225-s?srsltid=AfmBOool4kmwC-RBTX3RYCkPoNm7BAOb_1c17KLdw6HPIHiyweOaJWo1,,thorne.com
Betaine HCl & Pepsin,Thorne,Betaine HCL & Pepsin (450's) & Reviews,https://www.thorne.com/products/dp/betaine-hcl-pepsin-450-s?srsltid=AfmBOooaDPFutUIjEXnDkbdy3vNM_jsiKZkjy6TWoDaUd2SdOU-sK7XR,,thorne.com
Betaine HCl & Pepsin,Pure Encapsulations,BEST SELLERS,https://www.pureencapsulations.com/media/18_05_PE-Broch_BestSellers2018_FINAL-WEB.pdf,,pureencapsulations.com
Pancreatin Enzymes,Thorne,Pancreatin Supplements & Reviews,https://www.thorne.com/products/by-ingredient/pancreatin?srsltid=AfmBOorDSeUKL0ZyDxlDlyBgotRYt-Xel0CTOGXX2OkBfpOWo7f53MOS,,thorne.com
Pancreatin Enzymes,Pure Encapsulations,Your Trusted Source,https://www.pureencapsulations.com/media/SEPT14_NEWPROD_FINAL_Web150dpi.pdf,,pureencapsulations.com
Pancreatin Enzymes,Pure Encapsulations,Phosphatidylcholine,https://www.pureencapsulations.com/media/pdf_upload/20_08_PE_ProductOnePager_Phosphatidylcholine_FIN.pdf,,pureencapsulations.com
Ox Bile Extract,Thorne,Advanced Digestive Enzymes & Reviews,https://www.thorne.com/products/dp/bio-gest-reg-60-s-1?srsltid=AfmBOoqiEdygbjuOg7gKuxfWAKKws3RN_aH1nArlRP0rUsq2VWgbTabp,,thorne.com
Ox Bile Extract,Thorne,Advanced Digestive Enzymes & Reviews,https://ca.thorne.com/products/dp/cdn-bio-gest-reg-60-s-1,,thorne.com
Ox Bile Extract,Pure Encapsulations,Manufacturer of Hypoallergenic Nutritional Supplements,https://www.pureencapsulations.com/media/PLs/2016PL_WEB_NP.pdf,,pureencapsulations.com
Bromelain,Thorne,Bromelain: What Is It? How Will It Affect Your Health?,https://www.thorne.com/take-5-daily/article/bromelain-what-is-it-how-will-it-affect-your-health?srsltid=AfmBOorzdbo9mKev97QMFlZ0-pgl515QKmmVa_rm9zZuI-5baXNtGwCb,,thorne.com
Bromelain,Thorne,Bromelain & Reviews,https://www.thorne.com/products/dp/m-f-bromelain?srsltid=AfmBOoo0NgQ4wAMi-Gf8T7zI_ezf48NPePUY_0zJm5vSGD4q83hM1F5C,,thorne.com
Bromelain,Pure Encapsulations,A.I. Enzymes,https://www.pureencapsulations.com/media/pdf_upload/AI_Enzymes.pdf,,pureencapsulations.com
Papain,Thorne,Bromelain and Papain Supplements & Reviews,https://www.thorne.com/products/by-ingredient/bromelain-and-papain?srsltid=AfmBOoqYYBPthvmpT9M_IpO_40L7lTV9RPo1RVA0RDOf5cvlK6_7Zg0g,,thorne.com
Papain,Pure Encapsulations,A.I. Enzymes,https://www.pureencapsulations.com/media/pdf_upload/AI_Enzymes.pdf,,pureencapsulations.com
Papain,Designs for Health,It's Gut Instinct Digestive Enzyme Therapy - casi.org,https://blog.designsforhealth.com/node/1147,,designsforhealth.com
Serrapeptase,Thorne,Advanced Digestive Enzymes & Reviews,https://www.thorne.com/products/dp/bio-gest-reg-60-s-1?srsltid=AfmBOoqLv8mbWyUdbN1ffIbShZ0jU9pW7Z-RbLRu-xF1cHzGS7QdJecd,,thorne.com
Serrapeptase,Thorne,ResveraCel® & Reviews,https://www.thorne.com/products/dp/resveracel?srsltid=AfmBOor9xwyanfDMTOUe9WMsuZ7FXd_jLaGMRQW2_znt6E_sIlWfUn8t,,thorne.com
Serrapeptase,Designs for Health,Biofilms and Resistance | Designs for Health - casi.org,https://blog.designsforhealth.com/biofilms-and-resistance,,designsforhealth.com
Slippery Elm Bark,Thorne,4 Soothing Herbs for an Irritated GI Tract,https://www.thorne.com/take-5-daily/article/4-soothing-herbs-for-an-irritated-gi-tract?srsltid=AfmBOorhq70goJ6opfyXcwRtgX0dGpynwMfdtuAJqd-drDxrRLOzNeJD,,thorne.com
Slippery Elm Bark,Thorne,Slippery Elm Supplements & Reviews,https://www.thorne.com/products/by-ingredient/slippery-elm?srsltid=AfmBOorhuuo-k5x4M9g8z9tYLuB1OnAbpOo074MdfhaKpcEA5gCqEJrO,,thorne.com
Slippery Elm Bark,Pure Encapsulations,Manufacturer of Hypoallergenic Nutritional Supplements,https://www.pureencapsulations.com/media/PLs/2016PL_WEB_NP.pdf,,pureencapsulations.com
Aloe-Vera Extract,Thorne,Aloe Vera Supplements & Reviews,https://www.thorne.com/products/by-ingredient/aloe-vera?srsltid=AfmBOooyfZk8XqlMoS2pQAmOP6h1on9h60Lj7W4_7luKbAkR7eQtn8Sf,,thorne.com
Aloe-Vera Extract,Pure Encapsulations,Manufacturer of Hypoallergenic Nutritional Supplements,https://www.pureencapsulations.com/media/PLs/2016PL_WEB_NP.pdf,,pureencapsulations.com
Aloe-Vera Extract,Pure Encapsulations,The PureWoman™ Breast Health Protocol*,https://www.pureencapsulations.com/media/PureWomanProtocol3_BreastHealthOnPgr_2017_FIN.pdf,,pureencapsulations.com
DGL Licorice,Thorne,GI Relief & Reviews,https://www.thorne.com/products/dp/gi-encap-reg-1?srsltid=AfmBOopVbUmaP1WX2idWD9txoQyEDvMAQ9LaN_B9fHCsLriYRTT-MRDo,,thorne.com
DGL Licorice,Thorne,GI Relief & Reviews,https://www.thorne.com/products/dp/cdn-gi-encap?srsltid=AfmBOorGVmE9HyHxvyQ5adlu-SazRWajKd09yW2UnwCrpw9-QidB_b8Z,,thorne.com
DGL Licorice,Pure Encapsulations,Manufacturer of Hypoallergenic Nutritional Supplements,https://www.pureencapsulations.com/media/PLs/2016PL_WEB_NP.pdf,,pureencapsulations.com
Enteric-Coated Peppermint Oil,Designs for Health,DFH_Catalog_v29.pdf,https://files.designsforhealth.com/catalog/DFH_Catalog_v29.pdf,,designsforhealth.com
Butyrate (Tributyrin),Designs for Health,Tri-Butyrin Supreme™ | Superior Supplement Products,https://www.designsforhealth.com/products/tri-butyrin-supreme?srsltid=AfmBOoo6LXb0LxMdOu3L5XqLrkSjpq1YhAJ8LbgkUYB4tyD2QRVYO7W0,,designsforhealth.com
Butyrate (Tributyrin),Designs for Health,Tri-Butyrin Supreme,https://www.designsforhealth.com/api/library-assets/patient-education---tri-butyrin-supreme?srsltid=AfmBOoo9VYJQ9AVyWAQmLA0oW9Wq5pyojdsR3-wKM4X6uJTLWhTqWnQ4,,designsforhealth.com
Zinc Carnosine,Thorne,Zinc Supplements & Reviews,https://www.thorne.com/products/by-ingredient/zinc?srsltid=AfmBOoqjn9mwliryvWS_8odDIVKuCqw_kjpuYs8IyXyWkS2JzpzfGLSO,,thorne.com
Zinc Carnosine,Thorne,Benefits of Beta-Alanine for Non-Athletes,https://www.thorne.com/take-5-daily/article/why-you-should-supplement-with-beta-alanine-even-if-you-arent-an-athlete?srsltid=AfmBOoqlP95G23OJcnoA4HMa4RVr81sG5CA1VPPTKGGRrSL4ozd2JSlj,,thorne.com
Zinc Carnosine,Pure Encapsulations,Athletic Performance,https://www.pureencapsulations.com/media/brch_AthPerf.pdf,,pureencapsulations.com
Colostrum (Bovine),Thorne,Gut Health Supplements & Reviews,https://www.thorne.com/products/by-health-need/gut-health?srsltid=AfmBOortpZS4TSvmXZ_Uqa8jFPXPybeq-TTgChGIMxVyTddrBgWZ0A1-,,thorne.com
Colostrum (Bovine),Pure Encapsulations,Manufacturer of Hypoallergenic Nutritional Supplements,https://www.pureencapsulations.com/media/PLs/2016PL_WEB_NP.pdf,,pureencapsulations.com
Colostrum (Bovine),Pure Encapsulations,SEPTEMBER 2013 | PATIENT PRODUCT LIST,http://www.pureencapsulations.com/media/SEPT13PL_Patient.pdf,,pureencapsulations.com
Melatonin 0.3 mg,Thorne,Melaton-3™ & Reviews,https://www.thorne.com/products/dp/melaton-3-trade?srsltid=AfmBOopX3diL9i-EL3Ct9Vg1hdymN-Ty8Z_AGwQ3Gxf_nuVS-Ad3TNjs,,thorne.com
Melatonin 0.3 mg,Thorne,Melaton-5™ & Reviews,https://www.thorne.com/products/dp/melaton-5-trade?srsltid=AfmBOooSYzcSRcVVXWGJQU6Ks0QawV9EbkFxTaHPkNJ1Efmv2ga7KKVl,,thorne.com
Melatonin 0.3 mg,Pure Encapsulations,Manufacturer of Hypoallergenic Nutritional Supplements,https://www.pureencapsulations.com/media/PLs/2016PL_WEB_NP.pdf,,pureencapsulations.com
Valerian Root,Thorne,Why Are Supplements Out of Stock or Discontinued?,https://www.thorne.com/take-5-daily/article/why-your-favorite-products-sometimes-are-discontinued-or-out-of-stock?srsltid=AfmBOoq7ZS88UMUvdZTfBBu2ao0IkMBarsZWMAhmgwqg9nO548xoIg8o,,thorne.com
Valerian Root,Thorne,Sleep Bundle & Reviews,https://www.thorne.com/products/dp/sleep-bundle?srsltid=AfmBOoont7dhTE4m6rdPu7dm4RBzkhBFFpFFOpOI8JX8Sp8LglgE6sBO,,thorne.com
Valerian Root,Pure Encapsulations,The PureWoman™ PMS Protocol*,https://www.pureencapsulations.com/media/wysiwyg/pure_cms_images/protocols/PureWomanPMSProtocol_OnPgr_2017_FIN.pdf,,pureencapsulations.com
Passionflower,Thorne,RecoveryPro® & Reviews,https://www.thorne.com/products/dp/recoverypro-sp114?srsltid=AfmBOopu6s7d2p3b_O4Mf4Ci_-tD8J9-p1_fiJ4fh3hmEVzK_oNLJoxX,,thorne.com
Passionflower,Thorne,The Wellness Emporium - Dispensary,https://www.thorne.com/u/PR606481?srsltid=AfmBOoqRFZHd1eHBHXsV3C-xPFWftW9oXW49XnMl6FoA-iDDNByTbKKF,,thorne.com
Passionflower,Pure Encapsulations,PureWoman™,https://www.pureencapsulations.com/media/16_03_4Pgr_PureWmn-PMS_FINAL.pdf,,pureencapsulations.com
Lemon Balm,Thorne,Lemon Balm Supplements & Reviews,https://www.thorne.com/products/by-ingredient/lemon-balm?srsltid=AfmBOorryfVYn7B89oZU_c1wyN4Rrfrl8gtDrijyOQS8CabFjoGoa3tZ,,thorne.com
Lemon Balm,Pure Encapsulations,Lysine-C Plus,https://www.pureencapsulations.com/media/Lysine_C%20Plus.pdf,,pureencapsulations.com
Lemon Balm,Pure Encapsulations,The PureWoman™ PMS Protocol*,https://www.pureencapsulations.com/media/wysiwyg/pure_cms_images/protocols/PureWomanPMSProtocol_OnPgr_2017_FIN.pdf,,pureencapsulations.com
GABA,Thorne,PharmaGABA-250 & Reviews,https://www.thorne.com/products/dp/pharmagaba-250?srsltid=AfmBOopOseuBGAES08gsM6-H5WUyolgiAM7SwsPCxkYtEN8v7QED03Kg,,thorne.com
GABA,Thorne,What is GABA and What is it Used for?,https://www.thorne.com/take-5-daily/article/what-is-gaba-and-what-is-it-used-for?srsltid=AfmBOoqB4zDP4zSD6z6GzlCbGa1Zu-PyYKYsxBkRp2y_0cRMZJdsQtyc,,thorne.com
GABA,Pure Encapsulations,SLEEP SUPPORT PROTOCOL‡,https://www.pureencapsulations.com/media/18_04_SleepSupport_Protocol_Final.pdf,,pureencapsulations.com
Relora,Thorne,Relora Plus & Reviews,https://www.thorne.com/products/dp/cdn-relora-plus?srsltid=AfmBOoooXpjB_IrZ9evA8FVJn-dN8wKKa193bCjdOypcNyrnowfqggTo,,thorne.com
Relora,Thorne,Craving and Stress Support & Reviews,https://www.thorne.com/products/dp/relora-plus?srsltid=AfmBOoqGuLqIHbN-cfIw5wo_m0aRUM10aLN2k0v5-Tm8XIIp1jGZ-efj,,thorne.com
Relora,Pure Encapsulations,The PureWoman™ PMS Protocol*,https://www.pureencapsulations.com/media/wysiwyg/pure_cms_images/protocols/PureWomanPMSProtocol_OnPgr_2017_FIN.pdf,,pureencapsulations.com
5-HTP,Thorne,5-Hydroxytryptophan & Reviews,https://www.thorne.com/products/dp/5-hydroxytryptophan?srsltid=AfmBOopu3bgr7jxzIl4Ch0DYln9fcb0HZZd-0LsS_f5Asf0u6bfj8VrL,,thorne.com
5-HTP,Thorne,5-Hydroxytryptophan & Reviews,https://www.thorne.com/products/dp/cdn-5-hydroxytryptophan?srsltid=AfmBOorsY7GzRe5yucGbcu2aY-1L3un6Ap73ueuVrwhjRY4Hwtm5gpx3,,thorne.com
5-HTP,Pure Encapsulations,Integrative mental health,https://www.pureencapsulations.com/media/wysiwyg/webinars/PDF/Greenblatt%20Webinar%20Oct%202012_MED.pdf,,pureencapsulations.com
CBD Softgels,Thorne,How much CBD is in Hemp Oil +?,https://www.thorne.com/faq/how-much-cbd-is-in-hemp-oil?srsltid=AfmBOoooEk7oYl6xQjMO2qCobpzXTyyvQ9SWTJIwbUl5wpJC8-EuhuYY,,thorne.com
CBD Softgels,Thorne,FAQs Supplements,https://www.thorne.com/faqs/supplements?srsltid=AfmBOooYImblzpvubllgOynzm3VBEJ7oms3UWDSQL11m06WPeimjFQFW,,thorne.com
CBD Softgels,Designs for Health,Cannab-FS™,https://www.designsforhealth.com/api/library-assets/patient-education---cannab-fs-sheet?srsltid=AfmBOorU9KNqLPmgQb5NNLRhrwMbwJ3e7I4zHbLjqQXRNXqrZGHy24nF,,designsforhealth.com
Apigenin,Thorne,The Benefits of Chamomile,https://www.thorne.com/take-5-daily/article/chamomile-an-often-forgotten-weed?srsltid=AfmBOoo8h0yRCJ-vrLbTtUlcua30BqW1YMx895HIGNmemXzgmjStpzP-,,thorne.com
Apigenin,Thorne,Sleep + & Reviews,https://www.thorne.com/products/dp/sleep?srsltid=AfmBOoqtrkBEnCjfVxu2N6c6Kba566_JowBEuC3MZvyPstaFKS2ti84Y,,thorne.com
Apigenin,Pure Encapsulations,Daily Nutritional Supplements | Pure Encapsulations®,https://www.pureencapsulations.com/,,pureencapsulations.com
Elderberry Extract,Thorne,Prebiotic + & Reviews,https://www.thorne.com/products/dp/effusio-prebiotic-dis001?srsltid=AfmBOoosFOPODziRkRA0iHvOKfyGzAxBYnP3IjaZCWWzfvv2HXBrEKso,,thorne.com
Elderberry Extract,Thorne,Mayo Clinic Doctor's Pandemic Advice,https://www.thorne.com/take-5-daily/article/a-mayo-clinic-doctor-s-advice-tips-to-stay-healthy-during-a-crisis?srsltid=AfmBOooN8EOSwm8yLh_j0VJ5n4lLDWC6XgO7iyHAg3F1XpbTze6yrLRU,,thorne.com
Elderberry Extract,Pure Encapsulations,Elderberry extract,https://www.pureencapsulations.com/media/Elderberry%20extract.pdf,,pureencapsulations.com
Echinacea Purpurea,Designs for Health,Immunitone Plus™,https://www.designsforhealth.com/techsheet-references/immunitone-plus-references.pdf?srsltid=AfmBOorKg5j0nMnkHifDYSKFQiedybT9M5xvLPz7c1WY_jdjnWemncmD,,designsforhealth.com
Andrographis,Thorne,COVID Talk: Supplements for Immune Support,https://www.thorne.com/take-5-daily/video/conversations-on-covid-part-3-nutritional-supplements-quercetin-and-vitamin-d?srsltid=AfmBOop-udwz5Cc3ws3lg9AnHyIhilI9a1sw0XbT2-k5Xd8xlffyqHc-,,thorne.com
Andrographis,Thorne,Arabinex® & Reviews,https://www.thorne.com/products/dp/arabinex-reg?srsltid=AfmBOop53S5bCfCSLk8Y2Dhd9dK3SaZMVo3ajnXbukJkQfgePEsZ4eDi,,thorne.com
Andrographis,Pure Encapsulations,PureResponse™,https://www.pureencapsulations.com/media/18_05_Broch_PureResponse_FIN.pdf,,pureencapsulations.com
Olive-Leaf Extract,Thorne,Olive Leaf Extract & Reviews,https://www.thorne.com/products/dp/olive-leaf-extract?srsltid=AfmBOoqCEFcb63fAB5H55-ThXg6vvmF3Td8v9krGFoS9LfGEaPLEUuO-,,thorne.com
Olive-Leaf Extract,Pure Encapsulations,Professional Order Form - January 2019,https://www.pureencapsulations.com/media/PLs/Pure_2019%20Order%20Form.pdf,,pureencapsulations.com
Olive-Leaf Extract,Pure Encapsulations,EmulsiSorb K2/D3 liquid,https://www.pureencapsulations.com/media/21_04_PE_ProductOnePager_EmulsiSorb_FIN.pdf,,pureencapsulations.com
Oregano-Oil Softgels,Thorne,Undecylenic Acid & Reviews,https://www.thorne.com/products/dp/formula-sf722-reg?srsltid=AfmBOorJXj9jEL9VA9j6Jkj9x1LNYJVFI1qLt6DKjVG810nR6c91mKrT,,thorne.com
Oregano-Oil Softgels,Designs for Health,Oil of Oregano | Superior Supplement Products,https://www.designsforhealth.com/products/oil-of-oregano/?srsltid=AfmBOool4_Y-OI_q4_DaTFLW26DAMmclxgDfyRRytReXBL12rwfbCtEA,,designsforhealth.com
Oregano-Oil Softgels,Designs for Health,Oil of Oregano | Superior Supplement Products - Science First,https://next.designsforhealth.com/products/oil-of-oregano,,designsforhealth.com
β-Glucans,Thorne,Medicinal Mushrooms: Immune Support and More,https://www.thorne.com/take-5-daily/article/medicinal-mushrooms-immune-support-and-a-lot-more?srsltid=AfmBOoosFnWUUNsWKoq7M70yQ6nFiySr6Jojk3bAhLWnZv5LqoyRTRPK,,thorne.com
β-Glucans,Thorne,The Potential Health Benefits of Lion's Mane Mushroom,https://www.thorne.com/take-5-daily/article/the-potential-health-benefits-of-lions-mane-mushroom?srsltid=AfmBOoqT53476W52hNOpcfFmGTgu_S4G0RFnh45SVPKDL8TKLAqpbQv7,,thorne.com
β-Glucans,Pure Encapsulations,Coriolus extract,https://www.pureencapsulations.com/media/pdf_upload/20_08_PE_ProductOnePager_Coriolus_FIN.pdf,,pureencapsulations.com
10X Optimize Methylated Multivitamin,Thorne,10X Health Ventures - Dispensary,https://www.thorne.com/u/10xHealthSystem?srsltid=AfmBOoqTKyCA-Vb0JcuyTFXHT17XKXxKI4ERFiRGwhXIU8o0QyPXS8RV,,thorne.com
10X Magnesium Glycinate,Thorne,10X Health Ventures - Dispensary,https://www.thorne.com/u/10xHealthSystem?srsltid=AfmBOop4MbogI2MyEYNjxrLJkYOzeAdHMzok4YaphxhPFGohCeZtQaey,,thorne.com
10X Magnesium Glycinate,Thorne,"Thorne: Supplements, Tests & Health Solutions",https://www.thorne.com/?srsltid=AfmBOoppitDDZJuGQBPhwBupn3LZnsUeQea_ns7ou8I1gzcQAMSNuDT_,,thorne.com
10X Vitamin D3/K2,Thorne,10X Health Ventures - Dispensary,https://www.thorne.com/u/10xHealthSystem?srsltid=AfmBOorntkf4LkmffzDTQJ9rUc5zQR53du8fK6eYsFgdT5HJhtRvpj-Y,,thorne.com
10X Zinc Complex,Thorne,10X Health Ventures - Dispensary,https://www.thorne.com/u/10xHealthSystem?srsltid=AfmBOooBaQiwXAOix6Tk34TIHK-mtyQBk4OK1kaubcaEJnfp3bPpsvt2,,thorne.com
10X Zinc Complex,Thorne,Dunamis Family Health - Dispensary,https://www.thorne.com/u/Dunamis?srsltid=AfmBOorzpl3WtBse9AE0rxOb3jBpfKbJwrMmZ_w8mX2ShIswI5x01LuD,,thorne.com
Thorne Basic Nutrients 2/Day,Thorne,Basic Nutrients 2/Day - NSF Certified for Sport & Reviews,https://www.thorne.com/products/dp/basic-nutrients-2-day?srsltid=AfmBOor5vMlwwCvBXFYulThAs1iBslQlJTTWP0pStdWmS9nAR8WLbBcq,,thorne.com
Thorne Basic Nutrients 2/Day,Thorne,Basic Nutrients 2/Day & Reviews,https://www.thorne.com/products/dp/basic-nutrients-2-day-vm2nc?srsltid=AfmBOopZZhiMKTXFXWc6qhFS4FjXUGp-zImfp8qVFKphB4qXsktuHROp,,thorne.com
Thorne Basic Nutrients 5/Day,Thorne,Basic Nutrients V & Reviews,https://www.thorne.com/products/dp/basic-nutrients-v?srsltid=AfmBOoqRaN6KgikV6pScknF43JnOl2anf7yGGPNfm3Zbpr0TDKmtj8QD,,thorne.com
Thorne Basic Nutrients 5/Day,Thorne,Basic Nutrients 2/Day - NSF Certified for Sport & Reviews,https://www.thorne.com/products/dp/basic-nutrients-2-day?srsltid=AfmBOoq6b5Z33_XIc267wgpPsqhIb3uEJmc233mk7HjqhcKBtNX6oISf,,thorne.com
Thorne Methyl-Guard Plus,Thorne,Methyl-Guard Plus® & Reviews,https://www.thorne.com/products/dp/methyl-guard-plus-reg?srsltid=AfmBOoo66XsxU8I4nPygLYvo2_RHhfGtyHpgGbXSC65EqxsZlpdY7xko,,thorne.com
Thorne Methyl-Guard Plus,Thorne,Methyl-Guard® & Reviews,https://www.thorne.com/products/dp/methyl-guard-reg?srsltid=AfmBOorLv5zPxzVWYtfumZN0uthck1UfCwp1iWlNGFYoWdupmWTztDP-,,thorne.com
Thorne NAC 900,Thorne,NAC - N-Acetylcysteine & Reviews,https://www.thorne.com/products/dp/cysteplus-reg?srsltid=AfmBOoqyjDm8AS-XkfvHKCZDqAt7XvgdK2-bH2Bw2_4kBfMNKEXp3b0b,,thorne.com
Thorne NAC 900,Thorne,Mental Calm Supplement Collection - Dispensary,https://www.thorne.com/u/mentalcalm?srsltid=AfmBOorJmcce4Dy6BW33qYz_uXr1eDOLH67KypqolUh_uVEUkV12p139,,thorne.com
Thorne ResveraCel (NR + PT),Thorne,Praxis Physical Therapy - Dispensary,https://www.thorne.com/u/PR844941?srsltid=AfmBOoo5lmV2FK7RNIiP5CLtuBbmtZ6DUk5w4y5sKWUFM59nFRSWj7B2,,thorne.com
Thorne ResveraCel (NR + PT),Thorne,Nutritional PT - Dispensary,https://www.thorne.com/u/PR031322?srsltid=AfmBOopC7VD2xdPegx13REWA3PKoDU52oaw6GDAiy94Hy7W-8I9I-K1Q,,thorne.com
Thorne Niacel 400,Thorne,NiaCel® 400 & Reviews,https://www.thorne.com/products/dp/niacel-400?srsltid=AfmBOorCceMu55pZrAvwXfBc3qXRwCaMymPwUXt58mGbiqJdJotKmoFg,,thorne.com
Thorne Niacel 400,Thorne,NiaCel® & Reviews,https://www.thorne.com/products/dp/niacel-trade?srsltid=AfmBOoo-RaiGm6Ele8uJx5le8Nco_uF8vT_9GH6-UbXJu5WUDz0vp2Ru,,thorne.com
Thorne Q-Best 100,Thorne,CoQ10 & Reviews,https://www.thorne.com/products/dp/q-best-100?srsltid=AfmBOorexKaj4Kz3ZGPfy6e_68Y3SCVf-QMuqMGURWzk0zLlKOjb7qyM,,thorne.com
Thorne Q-Best 100,Thorne,CoQ10 & Reviews,https://www.thorne.com/products/dp/q-best-100?affid=PR402025&utm_campaign=Affiliate%20Programs&utm_content=Q-Best%20100&utm_medium=Custom%20Link&utm_source=Affiliate&srsltid=AfmBOor24gZUDCtb-4IxJuAaYCbykA3LspBeHSF799H1_KI7Y6sm9UzQ,,thorne.com
Thorne FloraMend Prime,Thorne,FloraMend Prime Probiotic® & Reviews,https://www.thorne.com/products/dp/floramend-prime-probiotic?srsltid=AfmBOooqkRGQGuMTtJWFot-ZIz6IaxPgbuCZKDZsTFI6kJJ-9Ap-zLmv,,thorne.com
Thorne FloraMend Prime,Thorne,Thorne Probiotics,https://www.thorne.com/products/set/probiotics?srsltid=AfmBOoojCIQLSelcL9Fbfh_gK7450L8iEywZxPL6fDje3HK7kbjw8gVG,,thorne.com
Thorne Berbercap,Thorne,Berberine - 200 mg & Reviews,https://www.thorne.com/products/dp/berbercap-reg?srsltid=AfmBOoquD1PIHZ4Rw9K9xJ5BZuD4xvB_t0tcWy91wq8j5BwJJVc0u6LS,,thorne.com
Thorne Berbercap,Thorne,Berbercap® & Reviews,https://www.thorne.com/products/dp/cdn-berbercap-reg?srsltid=AfmBOorS5QzjI7_xfQ8MqE5MKC9q4y3BLF0M52ffsNy_9GaZhhYPmnUw,,thorne.com
Thorne Perma-Clear,Thorne,Perma-Clear® & Reviews,https://www.thorne.com/products/dp/perma-clear-reg?srsltid=AfmBOoq9GngoAm1sdPDOwgALdBlM23A5DO_CwUJCrnV70asgrWvMQjUD,,thorne.com
Thorne Perma-Clear,Thorne,Why Are Supplements Out of Stock or Discontinued?,https://www.thorne.com/take-5-daily/article/why-your-favorite-products-sometimes-are-discontinued-or-out-of-stock?srsltid=AfmBOop4GYyIX-pc2pHnTgBqeJV9rgcsfNm4jPzr1hMQyHwaWWDHILci,,thorne.com
Thorne D-Glucarate,Thorne,Calcium D-Glucarate & Reviews,https://www.thorne.com/products/dp/calcium-d-glucarate?srsltid=AfmBOoq3GRuOoeJwW0ZwH-ppnDP2ghss6J_XwzgK0QiF52pvYsE9at6J,,thorne.com
Thorne D-Glucarate,Thorne,Calcium D-Glucarate & Reviews,https://www.thorne.com/products/dp/cdn-calcium-d-glucarate?srsltid=AfmBOorPtJzd4_nyRKSMw0jYjOH00fpw1ZW2Bzx2iL5zL8YMc5IonvQH,,thorne.com
Thorne Creatine,Thorne,Creatine - 90 Servings & Reviews,https://www.thorne.com/products/dp/creatine?srsltid=AfmBOoqGmvwOZbWM4iB2an8dWm_iS17CIuRHXDpxgeMOAlAJQONoxKla,,thorne.com
Thorne Creatine,Thorne,Creatine - 180 Servings & Reviews,https://www.thorne.com/products/dp/creatine-sf904?srsltid=AfmBOop3n_ZqNhcj888QV1I99sQPnYmgmh8eTaDjZ5xlq34reYPD4U1O,,thorne.com
Thorne Creatine,Designs for Health,Designs for Health: Home | Superior Supplement Products ...,https://www.designsforhealth.com/?srsltid=AfmBOopEMtR1Lp2hVy5yUJEBRF4sjCm1PhYuv5t3dvN9dR98fApaA7DS,,designsforhealth.com
Thorne Magnesium Bisglycinate Powder,Thorne,Magnesium Bisglycinate & Reviews,https://www.thorne.com/products/dp/magnesium-bisglycinate?srsltid=AfmBOornAN3LIAxN9pxHK6PTD0c-sP7PVaKTa6dHHogm_2rC7sxFHq02,,thorne.com
Thorne Magnesium Bisglycinate Powder,Thorne,Magnesium Bisglycinate - Travel Packs & Reviews,https://www.thorne.com/products/dp/magnesium-bisglycinate-m204p?srsltid=AfmBOorvzGnGDqAWpo_P2p59EbFko500O7GzcNn0lDedRreLD7znsRb6,,thorne.com
Thorne Vitamin D/K2 Liquid,Thorne,Vitamin D + K2 Liquid & Reviews,https://www.thorne.com/products/dp/vitamin-d-k2-liquid?srsltid=AfmBOooVxD7XerDhcZwecW2TBfZBqktkaHzuxnpf8b3yEm4OSxG5OQku,,thorne.com
Thorne Vitamin D/K2 Liquid,Thorne,Vitamin D + K2 Liquid & Reviews,https://www.thorne.com/products/dp/cdn-vitamin-d-k2-liquid?srsltid=AfmBOooZg4B_SY35HjDFrsBJhZifRp_BtgodG4HzxHLtqs1EVA8cigdD,,thorne.com
Thorne Vitamin D/K2 Liquid,Designs for Health,Designs for Health: Home | Superior Supplement Products ...,https://www.designsforhealth.com/?srsltid=AfmBOooEqWF-M0j_GDZmwIZ_XrGx5M-1u3sO6ygoHMwXFaIGQ-heXAeM,,designsforhealth.com
Pure Encap O.N.E. Multivitamin,Thorne,Multivitamins Supplements & Reviews,https://www.thorne.com/products/by-health-need/multivitamins?srsltid=AfmBOopYrQsVHPjqsPFf8irOLXbBuKVe27riskp7WJmk9BghXnkZB7aC,,thorne.com
Pure Encap O.N.E. Multivitamin,Thorne,Supplements & Tests,https://ca.thorne.com/products,,thorne.com
Pure Encap O.N.E. Multivitamin,Pure Encapsulations,Daily Nutritional Supplements | Pure Encapsulations®,https://www.pureencapsulations.com/,,pureencapsulations.com
Pure Encap PureGenomics Multi,Pure Encapsulations,The PureGenomics® Metabolic Support Protocol*,https://www.pureencapsulations.com/media/PureGenomics_MetabolicProtocolOnPgr_2017_FINAL.pdf,,pureencapsulations.com
Pure Encap PureGenomics Multi,Pure Encapsulations,BEST SELLERS,https://www.pureencapsulations.com/media/18_05_PE-Broch_BestSellers2018_FINAL-WEB.pdf,,pureencapsulations.com
Pure Encap B-Complex Plus,Thorne,Basic B Complex & Reviews,https://www.thorne.com/products/dp/basic-b-complex?srsltid=AfmBOoqA14u0RNig0EY1zxonv82gFT0Yq0cCEfFOn1m6eJDGrLgavLer,,thorne.com
Pure Encap B-Complex Plus,Thorne,Supplements & Tests,https://www.thorne.com/products?srsltid=AfmBOoo9oPHYW-qvA2w5DUKC0WW9dwTHMimEi5t4FASvz4w17J1bpjWk,,thorne.com
Pure Encap B-Complex Plus,Pure Encapsulations,B-Complex Plus Comparison,https://www.pureencapsulations.com/media/Pure_B%20Complex%20Plus%20Comparison_One%20Pager.pdf,,pureencapsulations.com
Pure Encap 5-MTHF 1 mg,Thorne,Basic Prenatal & Reviews,https://www.thorne.com/products/dp/basic-prenatal?srsltid=AfmBOooFMKJhM1SHIYh50YHJ6hssO7hsqFWphrEMOJUV5UYdEreS_tBp,,thorne.com
Pure Encap 5-MTHF 1 mg,Thorne,Supplements & Tests,https://uk.thorne.com/products,,thorne.com
Pure Encap 5-MTHF 1 mg,Pure Encapsulations,BEST SELLERS,https://www.pureencapsulations.com/media/18_05_PE-Broch_BestSellers2018_FINAL-WEB.pdf,,pureencapsulations.com
Pure Encap Methyl-B12 5 mg,Pure Encapsulations,B-Complex liquid,https://www.pureencapsulations.com/media/B_Complex%20Liquid.pdf,,pureencapsulations.com
Pure Encap Methyl-B12 5 mg,Pure Encapsulations,B-Complex Plus Comparison,https://www.pureencapsulations.com/media/Pure_B%20Complex%20Plus%20Comparison_One%20Pager.pdf,,pureencapsulations.com
Pure Encap Magnesium Glycinate,Thorne,Magnesium Bisglycinate & Reviews,https://www.thorne.com/products/dp/magnesium-bisglycinate?srsltid=AfmBOork9JMf93kgBGU8qcujYiHrUmFHLjtbZcVNOo4A_JKmvWr9Dhzo,,thorne.com
Pure Encap Magnesium Glycinate,Thorne,"Thorne: Supplements, Tests & Health Solutions",https://www.thorne.com/?srsltid=AfmBOopYf0Ccv26FTKYcDJC6ZhFq6jtxrV_f085NJNDUJqco_HykLegl,,thorne.com
Pure Encap Magnesium Glycinate,Pure Encapsulations,Daily Nutritional Supplements | Pure Encapsulations®,https://www.pureencapsulations.com/,,pureencapsulations.com
Pure Encap Resveratrol 200,Pure Encapsulations,Resveratrol,https://www.pureencapsulations.com/media/Resveratrol.pdf,,pureencapsulations.com
Pure Encap Resveratrol 200,Pure Encapsulations,Your Trusted Source,https://www.pureencapsulations.com/media/SEPT14_NEWPROD_FINAL_Web150dpi.pdf,,pureencapsulations.com
Pure Encap Quercetin 250,Thorne,Quercetin Phytosome & Reviews,https://www.thorne.com/products/dp/quercetin-phytosome?srsltid=AfmBOoqN_YAiOKKuFbvsqyUOzY5tWMvcGRVmrZkUbn6niTm957aZu6jP,,thorne.com
Pure Encap Quercetin 250,Pure Encapsulations,PureResponse™,https://www.pureencapsulations.com/media/18_05_Broch_PureResponse_FIN.pdf,,pureencapsulations.com
Pure Encap Quercetin 250,Pure Encapsulations,BEST SELLERS,https://www.pureencapsulations.com/media/18_05_PE-Broch_BestSellers2018_FINAL-WEB.pdf,,pureencapsulations.com
Pure Encap Alpha-Lipoic Acid 600,Pure Encapsulations,BEST SELLERS,https://www.pureencapsulations.com/media/18_05_PE-Broch_BestSellers2018_FINAL-WEB.pdf,,pureencapsulations.com
Pure Encap Alpha-Lipoic Acid 600,Pure Encapsulations,SEPTEMBER 2013 | PATIENT PRODUCT LIST,http://www.pureencapsulations.com/media/SEPT13PL_Patient.pdf,,pureencapsulations.com
Pure Encap Alpha-Lipoic Acid 600,Designs for Health,Designs for Health: Home | Superior Supplement Products ...,https://www.designsforhealth.com/?srsltid=AfmBOoqF_jWu8eJHj2n4fc9oDSO_02CqQXHpZub_eBnEA_qvQ02xvxun,,designsforhealth.com
Pure Encap NAC 600,Thorne,NAC - N-Acetylcysteine & Reviews,https://www.thorne.com/products/dp/cysteplus-reg?srsltid=AfmBOopK_DiArrgSq2Z-k8gaFPc4EpQcz3zk9RGM2xxRBM817c4N2hH3,,thorne.com
Pure Encap NAC 600,Thorne,Thorne Bestsellers,https://www.thorne.com/products/bestsellers?srsltid=AfmBOorUMAcUyEONXVKhuK9SCcOzz9h-yS2EPM69HtnciY2WqUmW2GJT,,thorne.com
Pure Encap NAC 600,Pure Encapsulations,NAC (N-Acetyl-L-Cysteine),https://www.pureencapsulations.com/media/NAC.pdf,,pureencapsulations.com
Pure Encap EPA/DHA Essentials,Thorne,Supplements & Tests,https://uk.thorne.com/products,,thorne.com
Pure Encap EPA/DHA Essentials,Thorne,Omega-3s EPA and DHA,https://www.thorne.com/ingredients/omega-3s-epa-and-dha?srsltid=AfmBOoqnX-ZQBg40b29x5pw7euMmLuPcVKp81CtZtJ3ix9xhGdOUpoeY,,thorne.com
Pure Encap EPA/DHA Essentials,Pure Encapsulations,PureNutrients EPA/DHA Gummy,https://www.pureencapsulations.com/media/pdf_upload/20_03_PE_PureNutrientsEPADHASoftChew_NonPrice_OnePager.pdf,,pureencapsulations.com
Pure Encap L-Theanine 200,Pure Encapsulations,BEST SELLERS,https://www.pureencapsulations.com/media/18_05_PE-Broch_BestSellers2018_FINAL-WEB.pdf,,pureencapsulations.com
Pure Encap L-Theanine 200,Pure Encapsulations,On-Demand Learning,http://blog.pureencapsulations.com/072517-press-release/,,pureencapsulations.com
Pure Encap L-Tryptophan,Thorne,Supplements & Tests,https://www.thorne.com/products?srsltid=AfmBOorRaLGNy5P-Oxgc731VPEd4hFxhzcJl9bNT0XZM0Cu5i6DZK98U,,thorne.com
Pure Encap L-Tryptophan,Thorne,Thorne Bestsellers,https://www.thorne.com/products/bestsellers?srsltid=AfmBOorbbwwrsFw1AMYUb2QhTG3qIVlbWH-7vKZA1wGTeg3iwmLbKalO,,thorne.com
Pure Encap L-Tryptophan,Pure Encapsulations,Integrative mental health,https://www.pureencapsulations.com/media/wysiwyg/webinars/PDF/Greenblatt%20Webinar%20Oct%202012_MED.pdf,,pureencapsulations.com
Pure Encap Probiotic G.I.,Thorne,Choosing the Best Probiotics Supplement for You,https://www.thorne.com/take-5-daily/article/which-probiotic-formula-is-best-for-me?srsltid=AfmBOoo_7F1AhhaSHWvQMiEPUxUqeVC49MET0jzLPGzEN2FnV7Ii-I9x,,thorne.com
Pure Encap Probiotic G.I.,Thorne,Supplements & Tests,https://www.thorne.com/products?srsltid=AfmBOoqSvsPhHec6l3K1lRNkgERX642GK5JAJMRukKuvnJSte0l2wvXm,,thorne.com
Pure Encap Probiotic G.I.,Pure Encapsulations,Daily Nutritional Supplements | Pure Encapsulations®,https://www.pureencapsulations.com/,,pureencapsulations.com
Pure Encap DHEA 25 mg,Pure Encapsulations,BEST SELLERS,https://www.pureencapsulations.com/media/18_05_PE-Broch_BestSellers2018_FINAL-WEB.pdf,,pureencapsulations.com
Pure Encap DHEA 25 mg,Pure Encapsulations,Professional Order Form - January 2019,https://www.pureencapsulations.com/media/PLs/Pure_2019%20Order%20Form.pdf,,pureencapsulations.com
Pure Encap Curcumin 500,Thorne,Curcumin Phytosome & Reviews,https://www.thorne.com/products/dp/meriva-500-sf-60?srsltid=AfmBOoqDsd7CP4FP-8lMMkLujfybVX_yc08GQIJ_8zNdYuqpmWsDzncw,,thorne.com
Pure Encap Curcumin 500,Thorne,Curcumin Phytosome - Sustained Release & Reviews,https://www.thorne.com/products/dp/meriva-sf?srsltid=AfmBOooI5ZzPl0vGvBLWsOECTHSXxu00Lj7Qx0-WQtJa8Ny7CfupIYaS,,thorne.com
Pure Encap Curcumin 500,Pure Encapsulations,Curcumin 500 with Bioperine®,https://www.pureencapsulations.com/media/pdf_upload/Curcumin500wBioperine.pdf,,pureencapsulations.com
Pure Encap Pancreatic Enzyme,Thorne,Supplements & Tests,https://uk.thorne.com/products,,thorne.com
Pure Encap Pancreatic Enzyme,Thorne,Multi Enzyme & Reviews,https://www.thorne.com/products/dp/b-p-p?srsltid=AfmBOooxH3EbX_Oz4F-39kPmSsZUTHGyKI0_jMu0ibFZQStH_Gxbdi7z,,thorne.com
Pure Encap Pancreatic Enzyme,Pure Encapsulations,Your Trusted Source,https://www.pureencapsulations.com/media/SEPT14_NEWPROD_FINAL_Web150dpi.pdf,,pureencapsulations.com
Pure Encap CoQ10 250,Pure Encapsulations,BEST SELLERS,https://www.pureencapsulations.com/media/18_05_PE-Broch_BestSellers2018_FINAL-WEB.pdf,,pureencapsulations.com
Pure Encap CoQ10 250,Pure Encapsulations,Your Trusted Source,https://www.pureencapsulations.com/media/SEPT14_NEWPROD_FINAL_Web150dpi.pdf,,pureencapsulations.com
Pure Encap Vitamin D3 5000 IU,Pure Encapsulations,Pure Select 10,https://www.pureencapsulations.com/pure-select-10.html,,pureencapsulations.com
Pure Encap Vitamin D3 5000 IU,Pure Encapsulations,Pure Goodness At Our Core,https://www.pureencapsulations.com/media/Pharmacy_POG_Educational_Brochure.pdf,,pureencapsulations.com
Pure Encap Iron-C,Thorne,Supplements & Tests,https://ca.thorne.com/products,,thorne.com
Pure Encap Iron-C,Pure Encapsulations,OptiFerin-C,https://www.pureencapsulations.com/media/pdf_upload/OF26-LBL.pdf,,pureencapsulations.com
Pure Encap Iron-C,Pure Encapsulations,Best-Selling Products from Pure Encapsulations®,https://www.pureencapsulations.com/media/21_03_PE_OnePager_BestSellers_FINAL.pdf,,pureencapsulations.com
NMN (Nicotinamide Mononucleotide),Thorne,"Meet the Vitamin B3 Family: NR, NMN, Niacin Explained",https://www.thorne.com/take-5-daily/article/meet-the-vitamin-b3-family-nr-nmn-niacin-explained?srsltid=AfmBOorJUdOYVTkiOnyTCWsDylEvNgHkRIKLof0etpLUVf_JV4bgwqLm,,thorne.com
NMN (Nicotinamide Mononucleotide),Thorne,A Connection: Aging and a Reduced Level of NAD+,https://www.thorne.com/take-5-daily/article/the-connection-between-aging-and-a-reduced-level-of-nad-in-the-body?srsltid=AfmBOoq-QQ6a_S7LoyYJD1fluXNQ7cYoddkQYWv_YOg5buMnY314WjPO,,thorne.com
NMN (Nicotinamide Mononucleotide),Designs for Health,Liposomal NMN Synergy™ | Superior Supplement Products,https://www.designsforhealth.com/u/mila-casey/products/liposomal-nmn-synergy/?srsltid=AfmBOorWHBYoMLReOGTKty1qC0Gm0lqCQVttAIv_fjjn2UXK4Iz8Vy3r,,designsforhealth.com
NR (Nicotinamide Riboside),Thorne,Nicotinamide Riboside,https://www.thorne.com/ingredients/nicotinamide-riboside?srsltid=AfmBOopFsEqasJOOV2tVheFg3AfRSoW0zfcANBWoe334fMI6ZXubygaz,,thorne.com
NR (Nicotinamide Riboside),Designs for Health,Mito-NR™ | Superior Supplement Products - Science First,https://www.designsforhealth.com/products/mito-nr/?srsltid=AfmBOooXQgEilrPuLuNNS5i0v7NjHVFoeZxUAI1O9MH_Qq9s9q5C6RAA,,designsforhealth.com
Spermidine,Thorne,Supplements & Tests,https://www.thorne.com/products?srsltid=AfmBOop2oRYWNjujKxATb8uAEsjxL-UDTtq7RjS2V1HmBmZ2MULJPo1I,,thorne.com
Spermidine,Thorne,"Thorne: Supplements, Tests & Health Solutions",https://www.thorne.com/?srsltid=AfmBOooWLOGTRkdGX30SoFXKsSWSJvUIdNb69Wy3risQ9O3BUPtqxVkQ,,thorne.com
D-Ribose,Thorne,Thorne® Catalyte® Lemon Lime Flavored Electrolytes,https://www.thorne.com/explore/catalyte?srsltid=AfmBOopss1sGenbqgrJI33_JDY0VfWd0P-bNm16XjJaAAdxIOF5pmvYZ,,thorne.com
D-Ribose,Thorne,Supplements Used by the U.S. Women's National Soccer ...,https://www.thorne.com/take-5-daily/article/train-like-a-champion-supplements-used-by-the-u-s-women-s-national-soccer-team?srsltid=AfmBOoquaP02isTy4BaWdnKwVE-jecJ8gZYPVq8EXKED7nGJ5eBeI1mp,,thorne.com
D-Ribose,Pure Encapsulations,Ribose,https://www.pureencapsulations.com/media/Ribose.pdf,,pureencapsulations.com
HMB (β-Hydroxy-β-Methylbutyrate),Pure Encapsulations,Athletic Performance,https://www.pureencapsulations.com/media/brch_AthPerf.pdf,,pureencapsulations.com
HMB (β-Hydroxy-β-Methylbutyrate),Pure Encapsulations,Manufacturer of Hypoallergenic Nutritional Supplements,https://www.pureencapsulations.com/media/PLs/2016PL_WEB_NP.pdf,,pureencapsulations.com
HMB (β-Hydroxy-β-Methylbutyrate),Designs for Health,MyoStim™ | Superior Supplement Products - Science First,https://www.designsforhealth.com/products/myostim/?srsltid=AfmBOoqwjxkES7kJL5I3abzjw0eCf9oBxCOKrEvZPRGiqxOacFpYwCLf,,designsforhealth.com
PEA (Palmitoylethanolamide),Designs for Health,Cannab-PEA 300™,https://www.designsforhealth.com/api/library-assets/patient-education---cannab-pea-300-patiented-sheet?srsltid=AfmBOoq0ToltoIpBFr0boL086LpOrOWFhFifbo8Gnq8pM5B5Rsw4Fg_U,,designsforhealth.com
Serratiopeptidase,Pure Encapsulations,SEPTEMBER 2013 | PATIENT PRODUCT LIST,http://www.pureencapsulations.com/media/SEPT13PL_Patient.pdf,,pureencapsulations.com
Serratiopeptidase,Pure Encapsulations,JUNE 2013 | PROFESSIONAL PRODUCT LIST,http://www.pureencapsulations.com/media/JUNE13PL_FINAL_Web.pdf,,pureencapsulations.com
Serratiopeptidase,Designs for Health,Do Proteolytic Enzymes Help Resolve Inflammation? - casi.org,https://blog.designsforhealth.com/node/1271,,designsforhealth.com
S-Adenosyl-L-Methionine (SAMe),Thorne,Do you have SAMe?,https://www.thorne.com/faq/do-you-have-same?srsltid=AfmBOoprIuxmRZjdurU-cQ0lMRlakBj07RyA8HQNg-Zo0t3_FNk7f3UZ,,thorne.com
S-Adenosyl-L-Methionine (SAMe),Pure Encapsulations,BEST SELLERS,https://www.pureencapsulations.com/media/18_05_PE-Broch_BestSellers2018_FINAL-WEB.pdf,,pureencapsulations.com
S-Adenosyl-L-Methionine (SAMe),Pure Encapsulations,B6 Complex,https://www.pureencapsulations.com/media/B6_Complex.pdf,,pureencapsulations.com
Policosanol,Thorne,Supplements & Tests,https://www.thorne.com/products?srsltid=AfmBOoqH_gcVWFPBFSV4VsqCR6WSPhQ7RqeT8AiW5sLRLG0CnrWqxNrb,,thorne.com
Policosanol,Pure Encapsulations,Manufacturer of Hypoallergenic Nutritional Supplements,https://www.pureencapsulations.com/media/PLs/2016PL_WEB_NP.pdf,,pureencapsulations.com
Policosanol,Pure Encapsulations,Professional Order Form - January 2019,https://www.pureencapsulations.com/media/PLs/Pure_2019%20Order%20Form.pdf,,pureencapsulations.com
Red-Yeast Rice,Thorne,Red Yeast Rice + CoQ10 & Reviews,https://www.thorne.com/products/dp/choleast-trade?srsltid=AfmBOoqsntiBaTPS_iWciE4kFSSChJeOJxfLmHl1axL9TrZo8iOzMRMU,,thorne.com
Red-Yeast Rice,Thorne,Red Yeast Rice Supplements & Reviews,https://www.thorne.com/products/by-ingredient/red-yeast-rice?srsltid=AfmBOopJK1MWvnO9Z0ESKfmIROlqghXeZWkihL5w2OdstsqeC3lU2eT3,,thorne.com
Red-Yeast Rice,Pure Encapsulations,BEST SELLERS,https://www.pureencapsulations.com/media/18_05_PE-Broch_BestSellers2018_FINAL-WEB.pdf,,pureencapsulations.com
Citrus Bergamot Extract,Thorne,Bergamot: What's All the Buzz About?,https://www.thorne.com/take-5-daily/article/bergamot-what-s-all-the-buzz-about?srsltid=AfmBOoppzNaOwazFyhXaI29ufSWxRl-wf4slPriSF0dRf6eerTZVh_k_,,thorne.com
Citrus Bergamot Extract,Thorne,Bergamot Phytosome Supplements & Reviews,https://www.thorne.com/products/by-ingredient/bergamot-phytosome?srsltid=AfmBOopyvzuT_5FJY3JAbCADcAFGDgcZxzYDLb14qUbQJuUMO7IZ7lPd,,thorne.com
Citrus Bergamot Extract,Designs for Health,The Health-Supportive Role of Bergamot - casi.org,https://blog.designsforhealth.com/node/1472,,designsforhealth.com
Bee Pollen,Thorne,6 Spices (and Other Foods) for Healthy Immune Function,https://www.thorne.com/take-5-daily/article/6-kitchen-spices-that-help-support-you-during-cold-and-flu-season?srsltid=AfmBOorhZBMkbr529m1vCyxOoHhDBeUzt7uGTQ1TFalZTtpDR6ggKEcV,,thorne.com
Triphala (Indian Herbal Blend),Pure Encapsulations,Manufacturer of Hypoallergenic Nutritional Supplements,https://www.pureencapsulations.com/media/PLs/2016PL_WEB_NP.pdf,,pureencapsulations.com
Triphala (Indian Herbal Blend),Pure Encapsulations,SEPTEMBER 2013 | PATIENT PRODUCT LIST,http://www.pureencapsulations.com/media/SEPT13PL_Patient.pdf,,pureencapsulations.com
Triphala (Indian Herbal Blend),Designs for Health,DFH_Catalog_v29.pdf,https://files.designsforhealth.com/catalog/DFH_Catalog_v29.pdf,,designsforhealth.com
